품목,날짜,매상
오뎅,2015-03-01,4046
오뎅,2015-03-02,3437
오뎅,2015-03-03,3191
오뎅,2015-03-04,3499
오뎅,2015-03-05,3536
오뎅,2015-03-06,3841
오뎅,2015-03-07,4249
오뎅,2015-03-08,4557
오뎅,2015-03-09,3283
오뎅,2015-03-10,3222
오뎅,2015-03-11,3547
오뎅,2015-03-12,3220
오뎅,2015-03-13,4375
오뎅,2015-03-14,4286
오뎅,2015-03-15,3889
오뎅,2015-03-16,3510
오뎅,2015-03-17,3085
오뎅,2015-03-18,2952
오뎅,2015-03-19,3138
오뎅,2015-03-20,4609
오뎅,2015-03-21,4554
오뎅,2015-03-22,4388
오뎅,2015-03-23,3341
오뎅,2015-03-24,3571
오뎅,2015-03-25,3351
오뎅,2015-03-26,3386
오뎅,2015-03-27,4262
오뎅,2015-03-28,4305
오뎅,2015-03-29,4047
오뎅,2015-03-30,3021
오뎅,2015-03-31,3551
오뎅,2015-04-01,3511
오뎅,2015-04-02,3374
오뎅,2015-04-03,4475
오뎅,2015-04-04,3823
오뎅,2015-04-05,4206
오뎅,2015-04-06,3418
오뎅,2015-04-07,3066
오뎅,2015-04-08,3132
오뎅,2015-04-09,3076
오뎅,2015-04-10,3923
오뎅,2015-04-11,4153
오뎅,2015-04-12,4152
오뎅,2015-04-13,3165
오뎅,2015-04-14,3024
오뎅,2015-04-15,3015
오뎅,2015-04-16,3076
오뎅,2015-04-17,4196
오뎅,2015-04-18,4027
오뎅,2015-04-19,4527
오뎅,2015-04-20,2955
오뎅,2015-04-21,3212
오뎅,2015-04-22,3444
오뎅,2015-04-23,3004
오뎅,2015-04-24,4277
오뎅,2015-04-25,3977
오뎅,2015-04-26,3910
오뎅,2015-04-27,3415
오뎅,2015-04-28,3507
오뎅,2015-04-29,3168
오뎅,2015-04-30,3357
오뎅,2015-05-01,3883
오뎅,2015-05-02,4127
오뎅,2015-05-03,4034
오뎅,2015-05-04,3455
오뎅,2015-05-05,3217
오뎅,2015-05-06,3452
오뎅,2015-05-07,3453
오뎅,2015-05-08,4474
오뎅,2015-05-09,4174
오뎅,2015-05-10,4440
오뎅,2015-05-11,3334
오뎅,2015-05-12,3387
오뎅,2015-05-13,2925
오뎅,2015-05-14,3234
오뎅,2015-05-15,3989
오뎅,2015-05-16,4123
오뎅,2015-05-17,4320
오뎅,2015-05-18,3154
오뎅,2015-05-19,2997
오뎅,2015-05-20,3083
오뎅,2015-05-21,3359
오뎅,2015-05-22,4155
오뎅,2015-05-23,4469
오뎅,2015-05-24,3889
오뎅,2015-05-25,3208
오뎅,2015-05-26,3565
오뎅,2015-05-27,3505
오뎅,2015-05-28,3501
오뎅,2015-05-29,3950
오뎅,2015-05-30,3913
부침개,2015-03-01,5895
부침개,2015-03-02,4262
부침개,2015-03-03,4538
부침개,2015-03-04,4242
부침개,2015-03-05,4125
부침개,2015-03-06,6043
부침개,2015-03-07,5255
부침개,2015-03-08,5682
부침개,2015-03-09,4410
부침개,2015-03-10,4488
부침개,2015-03-11,4253
부침개,2015-03-12,4390
부침개,2015-03-13,6240
부침개,2015-03-14,5700
부침개,2015-03-15,6167
부침개,2015-03-16,4765
부침개,2015-03-17,4496
부침개,2015-03-18,4321
부침개,2015-03-19,4089
부침개,2015-03-20,6218
부침개,2015-03-21,5493
부침개,2015-03-22,5217
부침개,2015-03-23,4794
부침개,2015-03-24,4594
부침개,2015-03-25,4085
부침개,2015-03-26,4443
부침개,2015-03-27,6239
부침개,2015-03-28,5818
부침개,2015-03-29,5611
부침개,2015-03-30,4530
부침개,2015-03-31,4241
부침개,2015-04-01,4231
부침개,2015-04-02,4153
부침개,2015-04-03,5571
부침개,2015-04-04,6274
부침개,2015-04-05,5324
부침개,2015-04-06,4040
부침개,2015-04-07,4085
부침개,2015-04-08,4567
부침개,2015-04-09,4505
부침개,2015-04-10,6168
부침개,2015-04-11,5918
부침개,2015-04-12,5991
부침개,2015-04-13,4419
부침개,2015-04-14,4541
부침개,2015-04-15,4683
부침개,2015-04-16,4652
부침개,2015-04-17,6269
부침개,2015-04-18,5651
부침개,2015-04-19,5505
부침개,2015-04-20,4320
부침개,2015-04-21,3969
부침개,2015-04-22,4122
부침개,2015-04-23,4702
부침개,2015-04-24,5412
부침개,2015-04-25,5422
부침개,2015-04-26,5236
부침개,2015-04-27,4176
부침개,2015-04-28,4604
부침개,2015-04-29,4706
부침개,2015-04-30,4398
부침개,2015-05-01,5592
부침개,2015-05-02,5430
부침개,2015-05-03,5275
부침개,2015-05-04,4303
부침개,2015-05-05,4463
부침개,2015-05-06,4151
부침개,2015-05-07,4351
부침개,2015-05-08,5397
부침개,2015-05-09,5723
부침개,2015-05-10,5553
부침개,2015-05-11,4532
부침개,2015-05-12,4290
부침개,2015-05-13,4273
부침개,2015-05-14,4430
부침개,2015-05-15,5995
부침개,2015-05-16,5401
부침개,2015-05-17,5620
부침개,2015-05-18,4194
부침개,2015-05-19,4514
부침개,2015-05-20,4122
부침개,2015-05-21,4720
부침개,2015-05-22,6002
부침개,2015-05-23,5913
부침개,2015-05-24,5855
부침개,2015-05-25,4288
부침개,2015-05-26,4426
부침개,2015-05-27,4730
부침개,2015-05-28,4472
부침개,2015-05-29,6109
부침개,2015-05-30,5505
닭,2015-03-01,9994
닭,2015-03-02,7033
닭,2015-03-03,7519
닭,2015-03-04,7352
닭,2015-03-05,7033
닭,2015-03-06,9718
닭,2015-03-07,10387
닭,2015-03-08,10365
닭,2015-03-09,7047
닭,2015-03-10,7117
닭,2015-03-11,8097
닭,2015-03-12,7557
닭,2015-03-13,10433
닭,2015-03-14,9530
닭,2015-03-15,9415
닭,2015-03-16,7615
닭,2015-03-17,6867
닭,2015-03-18,7488
닭,2015-03-19,6994
닭,2015-03-20,10481
닭,2015-03-21,9789
닭,2015-03-22,9623
닭,2015-03-23,7236
닭,2015-03-24,7941
닭,2015-03-25,7179
닭,2015-03-26,7067
닭,2015-03-27,8962
닭,2015-03-28,8965
닭,2015-03-29,9560
닭,2015-03-30,7015
닭,2015-03-31,6961
닭,2015-04-01,7637
닭,2015-04-02,6712
닭,2015-04-03,9979
닭,2015-04-04,9310
닭,2015-04-05,9419
닭,2015-04-06,7854
닭,2015-04-07,7998
닭,2015-04-08,7059
닭,2015-04-09,8061
닭,2015-04-10,10032
닭,2015-04-11,9952
닭,2015-04-12,8736
닭,2015-04-13,7225
닭,2015-04-14,7347
닭,2015-04-15,7469
닭,2015-04-16,7673
닭,2015-04-17,10392
닭,2015-04-18,9821
닭,2015-04-19,9457
닭,2015-04-20,7442
닭,2015-04-21,6728
닭,2015-04-22,7027
닭,2015-04-23,7228
닭,2015-04-24,9014
닭,2015-04-25,10231
닭,2015-04-26,8928
닭,2015-04-27,7828
닭,2015-04-28,7449
닭,2015-04-29,7620
닭,2015-04-30,6895
닭,2015-05-01,9849
닭,2015-05-02,9233
닭,2015-05-03,10025
닭,2015-05-04,7231
닭,2015-05-05,8073
닭,2015-05-06,8070
닭,2015-05-07,7715
닭,2015-05-08,9128
닭,2015-05-09,9060
닭,2015-05-10,9773
닭,2015-05-11,7037
닭,2015-05-12,7426
닭,2015-05-13,7801
닭,2015-05-14,6890
닭,2015-05-15,9411
닭,2015-05-16,9539
닭,2015-05-17,10300
닭,2015-05-18,8008
닭,2015-05-19,7944
닭,2015-05-20,7637
닭,2015-05-21,8044
닭,2015-05-22,9626
닭,2015-05-23,9741
닭,2015-05-24,9280
닭,2015-05-25,7155
닭,2015-05-26,6672
닭,2015-05-27,7384
닭,2015-05-28,7928
닭,2015-05-29,8647
닭,2015-05-30,8773
김치,2015-03-01,2425
김치,2015-03-02,2108
김치,2015-03-03,2094
김치,2015-03-04,2189
김치,2015-03-05,1987
김치,2015-03-06,2379
김치,2015-03-07,2677
김치,2015-03-08,2734
김치,2015-03-09,1855
김치,2015-03-10,1959
김치,2015-03-11,1890
김치,2015-03-12,1823
김치,2015-03-13,2546
김치,2015-03-14,2374
김치,2015-03-15,2457
김치,2015-03-16,1822
김치,2015-03-17,2068
김치,2015-03-18,1919
김치,2015-03-19,1840
김치,2015-03-20,2377
김치,2015-03-21,2798
김치,2015-03-22,2732
김치,2015-03-23,2127
김치,2015-03-24,2193
김치,2015-03-25,1841
김치,2015-03-26,1840
김치,2015-03-27,2755
김치,2015-03-28,2748
김치,2015-03-29,2345
김치,2015-03-30,2112
김치,2015-03-31,2092
김치,2015-04-01,2052
김치,2015-04-02,1992
김치,2015-04-03,2421
김치,2015-04-04,2344
김치,2015-04-05,2575
김치,2015-04-06,1997
김치,2015-04-07,1956
김치,2015-04-08,1986
김치,2015-04-09,2085
김치,2015-04-10,2369
김치,2015-04-11,2524
김치,2015-04-12,2757
김치,2015-04-13,2134
김치,2015-04-14,1895
김치,2015-04-15,1942
김치,2015-04-16,2143
김치,2015-04-17,2784
김치,2015-04-18,2494
김치,2015-04-19,2416
김치,2015-04-20,2082
김치,2015-04-21,1842
김치,2015-04-22,1813
김치,2015-04-23,2200
김치,2015-04-24,2358
김치,2015-04-25,2516
김치,2015-04-26,2816
김치,2015-04-27,2047
김치,2015-04-28,1915
김치,2015-04-29,2095
김치,2015-04-30,2134
김치,2015-05-01,2503
김치,2015-05-02,2596
김치,2015-05-03,2703
김치,2015-05-04,2057
김치,2015-05-05,2058
김치,2015-05-06,2191
김치,2015-05-07,1966
김치,2015-05-08,2402
김치,2015-05-09,2614
김치,2015-05-10,2457
김치,2015-05-11,1995
김치,2015-05-12,1948
김치,2015-05-13,2193
김치,2015-05-14,1955
김치,2015-05-15,2459
김치,2015-05-16,2664
김치,2015-05-17,2411
김치,2015-05-18,2187
김치,2015-05-19,2006
김치,2015-05-20,1865
김치,2015-05-21,2049
김치,2015-05-22,2853
김치,2015-05-23,2688
김치,2015-05-24,2558
김치,2015-05-25,1929
김치,2015-05-26,2134
김치,2015-05-27,1858
김치,2015-05-28,1877
김치,2015-05-29,2806
김치,2015-05-30,2500
양식,2015-03-01,2276
양식,2015-03-02,1902
양식,2015-03-03,1690
양식,2015-03-04,1626
양식,2015-03-05,1766
양식,2015-03-06,2332
양식,2015-03-07,2303
양식,2015-03-08,2266
양식,2015-03-09,1932
양식,2015-03-10,1784
양식,2015-03-11,1812
양식,2015-03-12,1967
양식,2015-03-13,2469
양식,2015-03-14,2204
양식,2015-03-15,2251
양식,2015-03-16,1970
양식,2015-03-17,1831
양식,2015-03-18,1894
양식,2015-03-19,1754
양식,2015-03-20,2466
양식,2015-03-21,2358
양식,2015-03-22,2534
양식,2015-03-23,1687
양식,2015-03-24,1722
양식,2015-03-25,1654
양식,2015-03-26,1696
양식,2015-03-27,2563
양식,2015-03-28,2245
양식,2015-03-29,2446
양식,2015-03-30,1903
양식,2015-03-31,1658
양식,2015-04-01,1706
양식,2015-04-02,1717
양식,2015-04-03,2153
양식,2015-04-04,2161
양식,2015-04-05,2570
양식,2015-04-06,1975
양식,2015-04-07,1669
양식,2015-04-08,1946
양식,2015-04-09,1827
양식,2015-04-10,2291
양식,2015-04-11,2317
양식,2015-04-12,2437
양식,2015-04-13,1650
양식,2015-04-14,1742
양식,2015-04-15,1865
양식,2015-04-16,1734
양식,2015-04-17,2495
양식,2015-04-18,2207
양식,2015-04-19,2339
양식,2015-04-20,1719
양식,2015-04-21,1689
양식,2015-04-22,1962
양식,2015-04-23,1736
양식,2015-04-24,2330
양식,2015-04-25,2119
양식,2015-04-26,2362
양식,2015-04-27,1852
양식,2015-04-28,1835
양식,2015-04-29,1736
양식,2015-04-30,1941
양식,2015-05-01,2399
양식,2015-05-02,2248
양식,2015-05-03,2288
양식,2015-05-04,1678
양식,2015-05-05,1931
양식,2015-05-06,1963
양식,2015-05-07,1823
양식,2015-05-08,2260
양식,2015-05-09,2572
양식,2015-05-10,2216
양식,2015-05-11,1841
양식,2015-05-12,1659
양식,2015-05-13,1795
양식,2015-05-14,1656
양식,2015-05-15,2181
양식,2015-05-16,2238
양식,2015-05-17,2379
양식,2015-05-18,1883
양식,2015-05-19,1680
양식,2015-05-20,1932
양식,2015-05-21,1875
양식,2015-05-22,2462
양식,2015-05-23,2175
양식,2015-05-24,2274
양식,2015-05-25,1862
양식,2015-05-26,1809
양식,2015-05-27,1746
양식,2015-05-28,1707
양식,2015-05-29,2133
양식,2015-05-30,2217
순두부,2015-03-01,2775
순두부,2015-03-02,2103
순두부,2015-03-03,2078
순두부,2015-03-04,1843
순두부,2015-03-05,1831
순두부,2015-03-06,2818
순두부,2015-03-07,2541
순두부,2015-03-08,2555
순두부,2015-03-09,1847
순두부,2015-03-10,2014
순두부,2015-03-11,1889
순두부,2015-03-12,1873
순두부,2015-03-13,2672
순두부,2015-03-14,2462
순두부,2015-03-15,2734
순두부,2015-03-16,1819
순두부,2015-03-17,2108
순두부,2015-03-18,1951
순두부,2015-03-19,2081
순두부,2015-03-20,2658
순두부,2015-03-21,2545
순두부,2015-03-22,2639
순두부,2015-03-23,1782
순두부,2015-03-24,1868
순두부,2015-03-25,2061
순두부,2015-03-26,1867
순두부,2015-03-27,2736
순두부,2015-03-28,2475
순두부,2015-03-29,2671
순두부,2015-03-30,2151
순두부,2015-03-31,1828
순두부,2015-04-01,1833
순두부,2015-04-02,2051
순두부,2015-04-03,2537
순두부,2015-04-04,2746
순두부,2015-04-05,2817
순두부,2015-04-06,1810
순두부,2015-04-07,1964
순두부,2015-04-08,2060
순두부,2015-04-09,1816
순두부,2015-04-10,2828
순두부,2015-04-11,2447
순두부,2015-04-12,2342
순두부,2015-04-13,2054
순두부,2015-04-14,2094
순두부,2015-04-15,1922
순두부,2015-04-16,1927
순두부,2015-04-17,2464
순두부,2015-04-18,2358
순두부,2015-04-19,2505
순두부,2015-04-20,1852
순두부,2015-04-21,1994
순두부,2015-04-22,1982
순두부,2015-04-23,2156
순두부,2015-04-24,2492
순두부,2015-04-25,2556
순두부,2015-04-26,2359
순두부,2015-04-27,2123
순두부,2015-04-28,1939
순두부,2015-04-29,2073
순두부,2015-04-30,1850
순두부,2015-05-01,2551
순두부,2015-05-02,2713
순두부,2015-05-03,2349
순두부,2015-05-04,2105
순두부,2015-05-05,1901
순두부,2015-05-06,1926
순두부,2015-05-07,1906
순두부,2015-05-08,2336
순두부,2015-05-09,2584
순두부,2015-05-10,2666
순두부,2015-05-11,2140
순두부,2015-05-12,1792
순두부,2015-05-13,2174
순두부,2015-05-14,1902
순두부,2015-05-15,2800
순두부,2015-05-16,2671
순두부,2015-05-17,2547
순두부,2015-05-18,2105
순두부,2015-05-19,1798
순두부,2015-05-20,2075
순두부,2015-05-21,1920
순두부,2015-05-22,2743
순두부,2015-05-23,2592
순두부,2015-05-24,2458
순두부,2015-05-25,2099
순두부,2015-05-26,1818
순두부,2015-05-27,2112
순두부,2015-05-28,1892
순두부,2015-05-29,2704
순두부,2015-05-30,2813
오징어,2015-03-01,6218
오징어,2015-03-02,5590
오징어,2015-03-03,5536
오징어,2015-03-04,5100
오징어,2015-03-05,5040
오징어,2015-03-06,6386
오징어,2015-03-07,6880
오징어,2015-03-08,7313
오징어,2015-03-09,5251
오징어,2015-03-10,5311
오징어,2015-03-11,5393
오징어,2015-03-12,5251
오징어,2015-03-13,6799
오징어,2015-03-14,6129
오징어,2015-03-15,6172
오징어,2015-03-16,5668
오징어,2015-03-17,5501
오징어,2015-03-18,4908
오징어,2015-03-19,5377
오징어,2015-03-20,6995
오징어,2015-03-21,6644
오징어,2015-03-22,7210
오징어,2015-03-23,5269
오징어,2015-03-24,5622
오징어,2015-03-25,5276
오징어,2015-03-26,5644
오징어,2015-03-27,6905
오징어,2015-03-28,6682
오징어,2015-03-29,7396
오징어,2015-03-30,5438
오징어,2015-03-31,5129
오징어,2015-04-01,4717
오징어,2015-04-02,5290
오징어,2015-04-03,6773
오징어,2015-04-04,7300
오징어,2015-04-05,7211
오징어,2015-04-06,5590
오징어,2015-04-07,5082
오징어,2015-04-08,5610
오징어,2015-04-09,4856
오징어,2015-04-10,6490
오징어,2015-04-11,7012
오징어,2015-04-12,7434
오징어,2015-04-13,5306
오징어,2015-04-14,5248
오징어,2015-04-15,4761
오징어,2015-04-16,5710
오징어,2015-04-17,6271
오징어,2015-04-18,6227
오징어,2015-04-19,7303
오징어,2015-04-20,5229
오징어,2015-04-21,5050
오징어,2015-04-22,5632
오징어,2015-04-23,4731
오징어,2015-04-24,6429
오징어,2015-04-25,7039
오징어,2015-04-26,6414
오징어,2015-04-27,5031
오징어,2015-04-28,4880
오징어,2015-04-29,5535
오징어,2015-04-30,4851
오징어,2015-05-01,7224
오징어,2015-05-02,6557
오징어,2015-05-03,6615
오징어,2015-05-04,5355
오징어,2015-05-05,4799
오징어,2015-05-06,4721
오징어,2015-05-07,5735
오징어,2015-05-08,6900
오징어,2015-05-09,7168
오징어,2015-05-10,7318
오징어,2015-05-11,5486
오징어,2015-05-12,5720
오징어,2015-05-13,4744
오징어,2015-05-14,5641
오징어,2015-05-15,7282
오징어,2015-05-16,7160
오징어,2015-05-17,6619
오징어,2015-05-18,4742
오징어,2015-05-19,5078
오징어,2015-05-20,4984
오징어,2015-05-21,5586
오징어,2015-05-22,6599
오징어,2015-05-23,6521
오징어,2015-05-24,7138
오징어,2015-05-25,5580
오징어,2015-05-26,5176
오징어,2015-05-27,5460
오징어,2015-05-28,4807
오징어,2015-05-29,6406
오징어,2015-05-30,7402
피자,2015-03-01,4575
피자,2015-03-02,3564
피자,2015-03-03,3295
피자,2015-03-04,3413
피자,2015-03-05,3550
피자,2015-03-06,4693
피자,2015-03-07,4255
피자,2015-03-08,3998
피자,2015-03-09,3434
피자,2015-03-10,3515
피자,2015-03-11,3072
피자,2015-03-12,3216
피자,2015-03-13,4455
피자,2015-03-14,4575
피자,2015-03-15,4718
피자,2015-03-16,3334
피자,2015-03-17,3395
피자,2015-03-18,3509
피자,2015-03-19,3589
피자,2015-03-20,4711
피자,2015-03-21,3969
피자,2015-03-22,4358
피자,2015-03-23,3250
피자,2015-03-24,3582
피자,2015-03-25,3555
피자,2015-03-26,3094
피자,2015-03-27,4540
피자,2015-03-28,4124
피자,2015-03-29,3985
피자,2015-03-30,3642
피자,2015-03-31,3120
피자,2015-04-01,3449
피자,2015-04-02,3131
피자,2015-04-03,3937
피자,2015-04-04,4374
피자,2015-04-05,3995
피자,2015-04-06,3205
피자,2015-04-07,3297
피자,2015-04-08,3408
피자,2015-04-09,3555
피자,2015-04-10,4095
피자,2015-04-11,4320
피자,2015-04-12,4310
피자,2015-04-13,3507
피자,2015-04-14,3494
피자,2015-04-15,3572
피자,2015-04-16,3609
피자,2015-04-17,4749
피자,2015-04-18,4399
피자,2015-04-19,4374
피자,2015-04-20,3129
피자,2015-04-21,3336
피자,2015-04-22,3185
피자,2015-04-23,3042
피자,2015-04-24,4472
피자,2015-04-25,4389
피자,2015-04-26,4042
피자,2015-04-27,3205
피자,2015-04-28,3406
피자,2015-04-29,3126
피자,2015-04-30,3080
피자,2015-05-01,4293
피자,2015-05-02,4229
피자,2015-05-03,4655
피자,2015-05-04,3189
피자,2015-05-05,3031
피자,2015-05-06,3593
피자,2015-05-07,3239
피자,2015-05-08,4470
피자,2015-05-09,4395
피자,2015-05-10,4247
피자,2015-05-11,3140
피자,2015-05-12,3302
피자,2015-05-13,3438
피자,2015-05-14,3364
피자,2015-05-15,4494
피자,2015-05-16,4555
피자,2015-05-17,4344
피자,2015-05-18,3273
피자,2015-05-19,3020
피자,2015-05-20,3017
피자,2015-05-21,3682
피자,2015-05-22,4013
피자,2015-05-23,4284
피자,2015-05-24,4545
피자,2015-05-25,3513
피자,2015-05-26,3599
피자,2015-05-27,3422
피자,2015-05-28,3522
피자,2015-05-29,4657
피자,2015-05-30,4453
튀김,2015-03-01,10597
튀김,2015-03-02,6965
튀김,2015-03-03,7572
튀김,2015-03-04,8277
튀김,2015-03-05,7927
튀김,2015-03-06,10860
튀김,2015-03-07,9354
튀김,2015-03-08,9641
튀김,2015-03-09,8169
튀김,2015-03-10,8453
튀김,2015-03-11,7426
튀김,2015-03-12,6932
튀김,2015-03-13,10995
튀김,2015-03-14,9306
튀김,2015-03-15,9108
튀김,2015-03-16,7850
튀김,2015-03-17,7425
튀김,2015-03-18,7743
튀김,2015-03-19,8155
튀김,2015-03-20,9147
튀김,2015-03-21,10400
튀김,2015-03-22,10908
튀김,2015-03-23,7358
튀김,2015-03-24,7314
튀김,2015-03-25,7176
튀김,2015-03-26,7040
튀김,2015-03-27,10125
튀김,2015-03-28,9990
튀김,2015-03-29,9999
튀김,2015-03-30,8298
튀김,2015-03-31,6987
튀김,2015-04-01,7244
튀김,2015-04-02,7721
튀김,2015-04-03,9482
튀김,2015-04-04,10161
튀김,2015-04-05,9974
튀김,2015-04-06,7807
튀김,2015-04-07,7152
튀김,2015-04-08,7154
튀김,2015-04-09,7565
튀김,2015-04-10,10376
튀김,2015-04-11,10317
튀김,2015-04-12,10843
튀김,2015-04-13,8182
튀김,2015-04-14,7971
튀김,2015-04-15,8174
튀김,2015-04-16,7127
튀김,2015-04-17,9511
튀김,2015-04-18,9673
튀김,2015-04-19,9824
튀김,2015-04-20,7908
튀김,2015-04-21,8175
튀김,2015-04-22,7329
튀김,2015-04-23,8192
튀김,2015-04-24,9040
튀김,2015-04-25,10319
튀김,2015-04-26,10634
튀김,2015-04-27,7641
튀김,2015-04-28,7243
튀김,2015-04-29,6959
튀김,2015-04-30,7366
튀김,2015-05-01,10841
튀김,2015-05-02,10878
튀김,2015-05-03,10095
튀김,2015-05-04,7268
튀김,2015-05-05,7684
튀김,2015-05-06,8164
튀김,2015-05-07,7558
튀김,2015-05-08,9217
튀김,2015-05-09,9571
튀김,2015-05-10,9733
튀김,2015-05-11,7329
튀김,2015-05-12,7655
튀김,2015-05-13,7493
튀김,2015-05-14,7117
튀김,2015-05-15,9103
튀김,2015-05-16,9535
튀김,2015-05-17,10948
튀김,2015-05-18,7682
튀김,2015-05-19,7666
튀김,2015-05-20,8083
튀김,2015-05-21,7958
튀김,2015-05-22,9108
튀김,2015-05-23,10401
튀김,2015-05-24,9736
튀김,2015-05-25,8292
튀김,2015-05-26,8124
튀김,2015-05-27,7144
튀김,2015-05-28,7384
튀김,2015-05-29,9261
튀김,2015-05-30,10190
감자,2015-03-01,9160
감자,2015-03-02,7223
감자,2015-03-03,6697
감자,2015-03-04,7107
감자,2015-03-05,7644
감자,2015-03-06,9488
감자,2015-03-07,8280
감자,2015-03-08,8960
감자,2015-03-09,6339
감자,2015-03-10,6737
감자,2015-03-11,7286
감자,2015-03-12,6270
감자,2015-03-13,9540
감자,2015-03-14,8981
감자,2015-03-15,9448
감자,2015-03-16,7192
감자,2015-03-17,7060
감자,2015-03-18,7244
감자,2015-03-19,7179
감자,2015-03-20,8667
감자,2015-03-21,8319
감자,2015-03-22,9885
감자,2015-03-23,7289
감자,2015-03-24,7117
감자,2015-03-25,6431
감자,2015-03-26,7030
감자,2015-03-27,8619
감자,2015-03-28,9769
감자,2015-03-29,8160
감자,2015-03-30,6593
감자,2015-03-31,6445
감자,2015-04-01,6718
감자,2015-04-02,7275
감자,2015-04-03,9938
감자,2015-04-04,9437
감자,2015-04-05,9056
감자,2015-04-06,6871
감자,2015-04-07,7585
감자,2015-04-08,6431
감자,2015-04-09,6369
감자,2015-04-10,9752
감자,2015-04-11,8911
감자,2015-04-12,8220
감자,2015-04-13,7165
감자,2015-04-14,6916
감자,2015-04-15,7124
감자,2015-04-16,6641
감자,2015-04-17,8428
감자,2015-04-18,8350
감자,2015-04-19,9062
감자,2015-04-20,7027
감자,2015-04-21,6460
감자,2015-04-22,6500
감자,2015-04-23,7325
감자,2015-04-24,9098
감자,2015-04-25,9701
감자,2015-04-26,9362
감자,2015-04-27,6282
감자,2015-04-28,7229
감자,2015-04-29,7505
감자,2015-04-30,7144
감자,2015-05-01,8337
감자,2015-05-02,9810
감자,2015-05-03,9365
감자,2015-05-04,6471
감자,2015-05-05,7302
감자,2015-05-06,7576
감자,2015-05-07,6850
감자,2015-05-08,8682
감자,2015-05-09,8613
감자,2015-05-10,8547
감자,2015-05-11,7051
감자,2015-05-12,7317
감자,2015-05-13,7196
감자,2015-05-14,7025
감자,2015-05-15,9612
감자,2015-05-16,9517
감자,2015-05-17,8180
감자,2015-05-18,6794
감자,2015-05-19,6335
감자,2015-05-20,7375
감자,2015-05-21,7550
감자,2015-05-22,9125
감자,2015-05-23,9686
감자,2015-05-24,9199
감자,2015-05-25,7194
감자,2015-05-26,6976
감자,2015-05-27,7326
감자,2015-05-28,7521
감자,2015-05-29,9628
감자,2015-05-30,8272
부대찌개,2015-03-01,2881
부대찌개,2015-03-02,2240
부대찌개,2015-03-03,2640
부대찌개,2015-03-04,2498
부대찌개,2015-03-05,2368
부대찌개,2015-03-06,3492
부대찌개,2015-03-07,3256
부대찌개,2015-03-08,3218
부대찌개,2015-03-09,2403
부대찌개,2015-03-10,2371
부대찌개,2015-03-11,2612
부대찌개,2015-03-12,2235
부대찌개,2015-03-13,3111
부대찌개,2015-03-14,3426
부대찌개,2015-03-15,3325
부대찌개,2015-03-16,2551
부대찌개,2015-03-17,2385
부대찌개,2015-03-18,2487
부대찌개,2015-03-19,2282
부대찌개,2015-03-20,3380
부대찌개,2015-03-21,3445
부대찌개,2015-03-22,3009
부대찌개,2015-03-23,2593
부대찌개,2015-03-24,2507
부대찌개,2015-03-25,2685
부대찌개,2015-03-26,2292
부대찌개,2015-03-27,3215
부대찌개,2015-03-28,3437
부대찌개,2015-03-29,3434
부대찌개,2015-03-30,2226
부대찌개,2015-03-31,2694
부대찌개,2015-04-01,2455
부대찌개,2015-04-02,2405
부대찌개,2015-04-03,3145
부대찌개,2015-04-04,2938
부대찌개,2015-04-05,2982
부대찌개,2015-04-06,2413
부대찌개,2015-04-07,2382
부대찌개,2015-04-08,2418
부대찌개,2015-04-09,2364
부대찌개,2015-04-10,3237
부대찌개,2015-04-11,2978
부대찌개,2015-04-12,3490
부대찌개,2015-04-13,2236
부대찌개,2015-04-14,2397
부대찌개,2015-04-15,2688
부대찌개,2015-04-16,2532
부대찌개,2015-04-17,2917
부대찌개,2015-04-18,3140
부대찌개,2015-04-19,3151
부대찌개,2015-04-20,2464
부대찌개,2015-04-21,2435
부대찌개,2015-04-22,2521
부대찌개,2015-04-23,2283
부대찌개,2015-04-24,3459
부대찌개,2015-04-25,3242
부대찌개,2015-04-26,3229
부대찌개,2015-04-27,2271
부대찌개,2015-04-28,2589
부대찌개,2015-04-29,2449
부대찌개,2015-04-30,2599
부대찌개,2015-05-01,2908
부대찌개,2015-05-02,3403
부대찌개,2015-05-03,3051
부대찌개,2015-05-04,2353
부대찌개,2015-05-05,2530
부대찌개,2015-05-06,2680
부대찌개,2015-05-07,2217
부대찌개,2015-05-08,3103
부대찌개,2015-05-09,3146
부대찌개,2015-05-10,3171
부대찌개,2015-05-11,2564
부대찌개,2015-05-12,2667
부대찌개,2015-05-13,2523
부대찌개,2015-05-14,2658
부대찌개,2015-05-15,3363
부대찌개,2015-05-16,2966
부대찌개,2015-05-17,2976
부대찌개,2015-05-18,2308
부대찌개,2015-05-19,2427
부대찌개,2015-05-20,2257
부대찌개,2015-05-21,2324
부대찌개,2015-05-22,3244
부대찌개,2015-05-23,3134
부대찌개,2015-05-24,3240
부대찌개,2015-05-25,2622
부대찌개,2015-05-26,2530
부대찌개,2015-05-27,2407
부대찌개,2015-05-28,2563
부대찌개,2015-05-29,2948
부대찌개,2015-05-30,3053
생선구이,2015-03-01,3046
생선구이,2015-03-02,2144
생선구이,2015-03-03,2463
생선구이,2015-03-04,2460
생선구이,2015-03-05,2290
생선구이,2015-03-06,3154
생선구이,2015-03-07,2868
생선구이,2015-03-08,2730
생선구이,2015-03-09,2273
생선구이,2015-03-10,2283
생선구이,2015-03-11,2227
생선구이,2015-03-12,2155
생선구이,2015-03-13,2994
생선구이,2015-03-14,2702
생선구이,2015-03-15,3154
생선구이,2015-03-16,2327
생선구이,2015-03-17,2365
생선구이,2015-03-18,2285
생선구이,2015-03-19,2198
생선구이,2015-03-20,2967
생선구이,2015-03-21,3165
생선구이,2015-03-22,3041
생선구이,2015-03-23,2252
생선구이,2015-03-24,2443
생선구이,2015-03-25,2217
생선구이,2015-03-26,2337
생선구이,2015-03-27,2963
생선구이,2015-03-28,2852
생선구이,2015-03-29,3023
생선구이,2015-03-30,2176
생선구이,2015-03-31,2320
생선구이,2015-04-01,2276
생선구이,2015-04-02,2130
생선구이,2015-04-03,3063
생선구이,2015-04-04,3019
생선구이,2015-04-05,2780
생선구이,2015-04-06,2327
생선구이,2015-04-07,2266
생선구이,2015-04-08,2276
생선구이,2015-04-09,2453
생선구이,2015-04-10,3121
생선구이,2015-04-11,2964
생선구이,2015-04-12,3003
생선구이,2015-04-13,2182
생선구이,2015-04-14,2105
생선구이,2015-04-15,2250
생선구이,2015-04-16,2076
생선구이,2015-04-17,3210
생선구이,2015-04-18,3285
생선구이,2015-04-19,3115
생선구이,2015-04-20,2450
생선구이,2015-04-21,2480
생선구이,2015-04-22,2318
생선구이,2015-04-23,2325
생선구이,2015-04-24,2856
생선구이,2015-04-25,3085
생선구이,2015-04-26,2837
생선구이,2015-04-27,2203
생선구이,2015-04-28,2399
생선구이,2015-04-29,2405
생선구이,2015-04-30,2150
생선구이,2015-05-01,2874
생선구이,2015-05-02,2912
생선구이,2015-05-03,2737
생선구이,2015-05-04,2398
생선구이,2015-05-05,2323
생선구이,2015-05-06,2132
생선구이,2015-05-07,2518
생선구이,2015-05-08,3027
생선구이,2015-05-09,3162
생선구이,2015-05-10,3199
생선구이,2015-05-11,2474
생선구이,2015-05-12,2438
생선구이,2015-05-13,2364
생선구이,2015-05-14,2359
생선구이,2015-05-15,2853
생선구이,2015-05-16,2709
생선구이,2015-05-17,2942
생선구이,2015-05-18,2233
생선구이,2015-05-19,2250
생선구이,2015-05-20,2149
생선구이,2015-05-21,2217
생선구이,2015-05-22,2938
생선구이,2015-05-23,3145
생선구이,2015-05-24,2854
생선구이,2015-05-25,2123
생선구이,2015-05-26,2083
생선구이,2015-05-27,2441
생선구이,2015-05-28,2291
생선구이,2015-05-29,3173
생선구이,2015-05-30,2738
회,2015-03-01,6240
회,2015-03-02,4815
회,2015-03-03,5448
회,2015-03-04,5467
회,2015-03-05,5712
회,2015-03-06,6928
회,2015-03-07,6474
회,2015-03-08,6354
회,2015-03-09,5513
회,2015-03-10,5437
회,2015-03-11,4906
회,2015-03-12,5454
회,2015-03-13,7256
회,2015-03-14,6800
회,2015-03-15,6893
회,2015-03-16,5655
회,2015-03-17,5669
회,2015-03-18,5367
회,2015-03-19,4755
회,2015-03-20,7201
회,2015-03-21,6732
회,2015-03-22,6613
회,2015-03-23,4991
회,2015-03-24,4934
회,2015-03-25,5119
회,2015-03-26,5655
회,2015-03-27,6442
회,2015-03-28,6853
회,2015-03-29,6357
회,2015-03-30,4881
회,2015-03-31,5427
회,2015-04-01,5006
회,2015-04-02,4824
회,2015-04-03,6162
회,2015-04-04,7343
회,2015-04-05,6852
회,2015-04-06,4802
회,2015-04-07,5267
회,2015-04-08,5242
회,2015-04-09,5532
회,2015-04-10,7034
회,2015-04-11,6852
회,2015-04-12,7059
회,2015-04-13,5463
회,2015-04-14,5077
회,2015-04-15,4980
회,2015-04-16,5233
회,2015-04-17,6435
회,2015-04-18,7209
회,2015-04-19,6632
회,2015-04-20,4756
회,2015-04-21,5672
회,2015-04-22,4906
회,2015-04-23,5102
회,2015-04-24,6930
회,2015-04-25,6934
회,2015-04-26,6528
회,2015-04-27,4824
회,2015-04-28,5631
회,2015-04-29,5303
회,2015-04-30,5460
회,2015-05-01,7326
회,2015-05-02,6799
회,2015-05-03,6587
회,2015-05-04,4748
회,2015-05-05,5569
회,2015-05-06,5211
회,2015-05-07,4898
회,2015-05-08,6592
회,2015-05-09,6364
회,2015-05-10,6705
회,2015-05-11,4931
회,2015-05-12,4803
회,2015-05-13,4755
회,2015-05-14,5399
회,2015-05-15,6472
회,2015-05-16,6286
회,2015-05-17,7399
회,2015-05-18,5107
회,2015-05-19,5098
회,2015-05-20,5354
회,2015-05-21,5633
회,2015-05-22,6377
회,2015-05-23,6825
회,2015-05-24,7058
회,2015-05-25,5093
회,2015-05-26,4778
회,2015-05-27,5340
회,2015-05-28,4683
회,2015-05-29,6369
회,2015-05-30,7002
콩요리,2015-03-01,8371
콩요리,2015-03-02,6360
콩요리,2015-03-03,5562
콩요리,2015-03-04,5865
콩요리,2015-03-05,6346
콩요리,2015-03-06,8101
콩요리,2015-03-07,7947
콩요리,2015-03-08,7213
콩요리,2015-03-09,6066
콩요리,2015-03-10,5939
콩요리,2015-03-11,6319
콩요리,2015-03-12,5431
콩요리,2015-03-13,7324
콩요리,2015-03-14,8395
콩요리,2015-03-15,7191
콩요리,2015-03-16,6562
콩요리,2015-03-17,5862
콩요리,2015-03-18,6430
콩요리,2015-03-19,6465
콩요리,2015-03-20,7783
콩요리,2015-03-21,8140
콩요리,2015-03-22,7779
콩요리,2015-03-23,6586
콩요리,2015-03-24,5478
콩요리,2015-03-25,5589
콩요리,2015-03-26,6342
콩요리,2015-03-27,7866
콩요리,2015-03-28,7670
콩요리,2015-03-29,8578
콩요리,2015-03-30,5707
콩요리,2015-03-31,6009
콩요리,2015-04-01,5495
콩요리,2015-04-02,6376
콩요리,2015-04-03,7616
콩요리,2015-04-04,8271
콩요리,2015-04-05,7329
콩요리,2015-04-06,6536
콩요리,2015-04-07,5815
콩요리,2015-04-08,6026
콩요리,2015-04-09,5534
콩요리,2015-04-10,8402
콩요리,2015-04-11,8509
콩요리,2015-04-12,7083
콩요리,2015-04-13,5992
콩요리,2015-04-14,5671
콩요리,2015-04-15,6431
콩요리,2015-04-16,6037
콩요리,2015-04-17,7027
콩요리,2015-04-18,7453
콩요리,2015-04-19,7527
콩요리,2015-04-20,6106
콩요리,2015-04-21,5700
콩요리,2015-04-22,5452
콩요리,2015-04-23,5533
콩요리,2015-04-24,8118
콩요리,2015-04-25,8485
콩요리,2015-04-26,7505
콩요리,2015-04-27,5494
콩요리,2015-04-28,5786
콩요리,2015-04-29,6150
콩요리,2015-04-30,5928
콩요리,2015-05-01,8270
콩요리,2015-05-02,7456
콩요리,2015-05-03,7910
콩요리,2015-05-04,5451
콩요리,2015-05-05,5629
콩요리,2015-05-06,6273
콩요리,2015-05-07,6392
콩요리,2015-05-08,7817
콩요리,2015-05-09,7906
콩요리,2015-05-10,7022
콩요리,2015-05-11,5573
콩요리,2015-05-12,6439
콩요리,2015-05-13,5499
콩요리,2015-05-14,5693
콩요리,2015-05-15,8551
콩요리,2015-05-16,7921
콩요리,2015-05-17,7408
콩요리,2015-05-18,6138
콩요리,2015-05-19,5438
콩요리,2015-05-20,5576
콩요리,2015-05-21,6244
콩요리,2015-05-22,7122
콩요리,2015-05-23,7990
콩요리,2015-05-24,8482
콩요리,2015-05-25,5505
콩요리,2015-05-26,6567
콩요리,2015-05-27,5431
콩요리,2015-05-28,6270
콩요리,2015-05-29,7728
콩요리,2015-05-30,7903
생선,2015-03-01,8801
생선,2015-03-02,6369
생선,2015-03-03,6599
생선,2015-03-04,6455
생선,2015-03-05,6062
생선,2015-03-06,8013
생선,2015-03-07,7702
생선,2015-03-08,8768
생선,2015-03-09,6435
생선,2015-03-10,6623
생선,2015-03-11,6379
생선,2015-03-12,6018
생선,2015-03-13,8576
생선,2015-03-14,8271
생선,2015-03-15,7938
생선,2015-03-16,6319
생선,2015-03-17,6698
생선,2015-03-18,6333
생선,2015-03-19,5926
생선,2015-03-20,8760
생선,2015-03-21,7978
생선,2015-03-22,7868
생선,2015-03-23,6641
생선,2015-03-24,6594
생선,2015-03-25,6727
생선,2015-03-26,6387
생선,2015-03-27,7414
생선,2015-03-28,8167
생선,2015-03-29,8260
생선,2015-03-30,6724
생선,2015-03-31,6588
생선,2015-04-01,6369
생선,2015-04-02,5763
생선,2015-04-03,7595
생선,2015-04-04,8492
생선,2015-04-05,7534
생선,2015-04-06,5927
생선,2015-04-07,6131
생선,2015-04-08,6736
생선,2015-04-09,5968
생선,2015-04-10,8526
생선,2015-04-11,7547
생선,2015-04-12,8647
생선,2015-04-13,5991
생선,2015-04-14,6361
생선,2015-04-15,5713
생선,2015-04-16,6686
생선,2015-04-17,7924
생선,2015-04-18,8872
생선,2015-04-19,7956
생선,2015-04-20,6899
생선,2015-04-21,6154
생선,2015-04-22,6286
생선,2015-04-23,6288
생선,2015-04-24,7391
생선,2015-04-25,8422
생선,2015-04-26,8211
생선,2015-04-27,6074
생선,2015-04-28,6403
생선,2015-04-29,6448
생선,2015-04-30,6222
생선,2015-05-01,7650
생선,2015-05-02,8542
생선,2015-05-03,8596
생선,2015-05-04,6733
생선,2015-05-05,6344
생선,2015-05-06,6051
생선,2015-05-07,6245
생선,2015-05-08,8001
생선,2015-05-09,7779
생선,2015-05-10,8443
생선,2015-05-11,6874
생선,2015-05-12,6037
생선,2015-05-13,6489
생선,2015-05-14,6346
생선,2015-05-15,8350
생선,2015-05-16,7412
생선,2015-05-17,7379
생선,2015-05-18,5836
생선,2015-05-19,5701
생선,2015-05-20,5786
생선,2015-05-21,6269
생선,2015-05-22,7693
생선,2015-05-23,8705
생선,2015-05-24,7771
생선,2015-05-25,6286
생선,2015-05-26,6488
생선,2015-05-27,5870
생선,2015-05-28,6725
생선,2015-05-29,8086
생선,2015-05-30,7753
불고기,2015-03-01,4492
불고기,2015-03-02,3355
불고기,2015-03-03,3662
불고기,2015-03-04,3347
불고기,2015-03-05,3369
불고기,2015-03-06,4530
불고기,2015-03-07,4384
불고기,2015-03-08,4592
불고기,2015-03-09,3682
불고기,2015-03-10,3734
불고기,2015-03-11,3833
불고기,2015-03-12,3509
불고기,2015-03-13,5104
불고기,2015-03-14,4230
불고기,2015-03-15,4785
불고기,2015-03-16,3574
불고기,2015-03-17,3495
불고기,2015-03-18,3875
불고기,2015-03-19,3295
불고기,2015-03-20,5039
불고기,2015-03-21,4388
불고기,2015-03-22,4413
불고기,2015-03-23,3866
불고기,2015-03-24,3284
불고기,2015-03-25,3409
불고기,2015-03-26,3955
불고기,2015-03-27,4847
불고기,2015-03-28,4620
불고기,2015-03-29,4565
불고기,2015-03-30,3572
불고기,2015-03-31,3817
불고기,2015-04-01,3717
불고기,2015-04-02,3576
불고기,2015-04-03,4262
불고기,2015-04-04,4434
불고기,2015-04-05,4430
불고기,2015-04-06,3406
불고기,2015-04-07,3284
불고기,2015-04-08,3598
불고기,2015-04-09,3416
불고기,2015-04-10,4922
불고기,2015-04-11,4724
불고기,2015-04-12,5099
불고기,2015-04-13,3302
불고기,2015-04-14,3922
불고기,2015-04-15,3760
불고기,2015-04-16,3904
불고기,2015-04-17,4787
불고기,2015-04-18,4363
불고기,2015-04-19,4383
불고기,2015-04-20,3766
불고기,2015-04-21,3664
불고기,2015-04-22,3465
불고기,2015-04-23,3796
불고기,2015-04-24,4527
불고기,2015-04-25,5013
불고기,2015-04-26,4755
불고기,2015-04-27,3539
불고기,2015-04-28,3911
불고기,2015-04-29,3573
불고기,2015-04-30,3312
불고기,2015-05-01,4648
불고기,2015-05-02,5133
불고기,2015-05-03,5078
불고기,2015-05-04,3553
불고기,2015-05-05,3866
불고기,2015-05-06,3456
불고기,2015-05-07,3815
불고기,2015-05-08,4961
불고기,2015-05-09,4574
불고기,2015-05-10,4569
불고기,2015-05-11,3705
불고기,2015-05-12,3860
불고기,2015-05-13,3713
불고기,2015-05-14,3612
불고기,2015-05-15,4351
불고기,2015-05-16,4786
불고기,2015-05-17,4251
불고기,2015-05-18,3599
불고기,2015-05-19,3772
불고기,2015-05-20,3783
불고기,2015-05-21,3285
불고기,2015-05-22,4626
불고기,2015-05-23,4681
불고기,2015-05-24,4465
불고기,2015-05-25,3671
불고기,2015-05-26,3770
불고기,2015-05-27,3754
불고기,2015-05-28,3324
불고기,2015-05-29,4750
불고기,2015-05-30,4959
양념,2015-03-01,6078
양념,2015-03-02,5162
양념,2015-03-03,5274
양념,2015-03-04,4563
양념,2015-03-05,5393
양념,2015-03-06,6740
양념,2015-03-07,6821
양념,2015-03-08,6024
양념,2015-03-09,4472
양념,2015-03-10,5299
양념,2015-03-11,5354
양념,2015-03-12,4582
양념,2015-03-13,6393
양념,2015-03-14,6374
양념,2015-03-15,6679
양념,2015-03-16,4511
양념,2015-03-17,5170
양념,2015-03-18,4837
양념,2015-03-19,4902
양념,2015-03-20,6711
양념,2015-03-21,6383
양념,2015-03-22,7064
양념,2015-03-23,5282
양념,2015-03-24,5264
양념,2015-03-25,5199
양념,2015-03-26,4557
양념,2015-03-27,6857
양념,2015-03-28,6825
양념,2015-03-29,7053
양념,2015-03-30,4494
양념,2015-03-31,5184
양념,2015-04-01,4860
양념,2015-04-02,5021
양념,2015-04-03,6847
양념,2015-04-04,5797
양념,2015-04-05,5795
양념,2015-04-06,5430
양념,2015-04-07,5203
양념,2015-04-08,4757
양념,2015-04-09,5248
양념,2015-04-10,7053
양념,2015-04-11,6038
양념,2015-04-12,6610
양념,2015-04-13,4878
양념,2015-04-14,5373
양념,2015-04-15,5422
양념,2015-04-16,4897
양념,2015-04-17,6076
양념,2015-04-18,6673
양념,2015-04-19,6495
양념,2015-04-20,5024
양념,2015-04-21,4874
양념,2015-04-22,4867
양념,2015-04-23,5036
양념,2015-04-24,6360
양념,2015-04-25,7008
양념,2015-04-26,6864
양념,2015-04-27,4666
양념,2015-04-28,4861
양념,2015-04-29,4861
양념,2015-04-30,4467
양념,2015-05-01,6268
양념,2015-05-02,6322
양념,2015-05-03,6026
양념,2015-05-04,5143
양념,2015-05-05,4459
양념,2015-05-06,5168
양념,2015-05-07,4874
양념,2015-05-08,6719
양념,2015-05-09,5798
양념,2015-05-10,5838
양념,2015-05-11,4859
양념,2015-05-12,5082
양념,2015-05-13,4663
양념,2015-05-14,5269
양념,2015-05-15,6672
양념,2015-05-16,6935
양념,2015-05-17,6312
양념,2015-05-18,4852
양념,2015-05-19,4693
양념,2015-05-20,4815
양념,2015-05-21,4675
양념,2015-05-22,6976
양념,2015-05-23,6392
양념,2015-05-24,5841
양념,2015-05-25,5210
양념,2015-05-26,4773
양념,2015-05-27,4992
양념,2015-05-28,5114
양념,2015-05-29,6136
양념,2015-05-30,5848
계란,2015-03-01,3586
계란,2015-03-02,2862
계란,2015-03-03,3067
계란,2015-03-04,3063
계란,2015-03-05,2570
계란,2015-03-06,3639
계란,2015-03-07,3564
계란,2015-03-08,3560
계란,2015-03-09,2698
계란,2015-03-10,2902
계란,2015-03-11,2679
계란,2015-03-12,2738
계란,2015-03-13,3997
계란,2015-03-14,3853
계란,2015-03-15,3503
계란,2015-03-16,2978
계란,2015-03-17,2644
계란,2015-03-18,2801
계란,2015-03-19,2614
계란,2015-03-20,3363
계란,2015-03-21,3929
계란,2015-03-22,3344
계란,2015-03-23,3004
계란,2015-03-24,2675
계란,2015-03-25,2535
계란,2015-03-26,2961
계란,2015-03-27,3537
계란,2015-03-28,3294
계란,2015-03-29,3819
계란,2015-03-30,2537
계란,2015-03-31,2763
계란,2015-04-01,2664
계란,2015-04-02,2799
계란,2015-04-03,3752
계란,2015-04-04,3337
계란,2015-04-05,3407
계란,2015-04-06,2578
계란,2015-04-07,2975
계란,2015-04-08,2871
계란,2015-04-09,2873
계란,2015-04-10,3561
계란,2015-04-11,3591
계란,2015-04-12,3530
계란,2015-04-13,2964
계란,2015-04-14,3017
계란,2015-04-15,2885
계란,2015-04-16,2852
계란,2015-04-17,3515
계란,2015-04-18,3331
계란,2015-04-19,3707
계란,2015-04-20,2620
계란,2015-04-21,2935
계란,2015-04-22,2685
계란,2015-04-23,2878
계란,2015-04-24,3367
계란,2015-04-25,3462
계란,2015-04-26,3873
계란,2015-04-27,2970
계란,2015-04-28,2546
계란,2015-04-29,3010
계란,2015-04-30,2592
계란,2015-05-01,3719
계란,2015-05-02,3618
계란,2015-05-03,3682
계란,2015-05-04,2929
계란,2015-05-05,2783
계란,2015-05-06,3074
계란,2015-05-07,3071
계란,2015-05-08,3562
계란,2015-05-09,3719
계란,2015-05-10,3528
계란,2015-05-11,2765
계란,2015-05-12,2648
계란,2015-05-13,2523
계란,2015-05-14,2533
계란,2015-05-15,3319
계란,2015-05-16,3833
계란,2015-05-17,3617
계란,2015-05-18,2996
계란,2015-05-19,2846
계란,2015-05-20,2625
계란,2015-05-21,2861
계란,2015-05-22,3926
계란,2015-05-23,3854
계란,2015-05-24,3643
계란,2015-05-25,2757
계란,2015-05-26,2886
계란,2015-05-27,3017
계란,2015-05-28,3020
계란,2015-05-29,3406
계란,2015-05-30,3463
순대,2015-03-01,4534
순대,2015-03-02,4005
순대,2015-03-03,3485
순대,2015-03-04,4029
순대,2015-03-05,3985
순대,2015-03-06,5350
순대,2015-03-07,4882
순대,2015-03-08,5346
순대,2015-03-09,3996
순대,2015-03-10,4063
순대,2015-03-11,3700
순대,2015-03-12,3477
순대,2015-03-13,4695
순대,2015-03-14,5132
순대,2015-03-15,4773
순대,2015-03-16,3691
순대,2015-03-17,3426
순대,2015-03-18,3796
순대,2015-03-19,3494
순대,2015-03-20,5293
순대,2015-03-21,4496
순대,2015-03-22,5193
순대,2015-03-23,4048
순대,2015-03-24,3430
순대,2015-03-25,3610
순대,2015-03-26,3887
순대,2015-03-27,5194
순대,2015-03-28,4816
순대,2015-03-29,5342
순대,2015-03-30,3697
순대,2015-03-31,3723
순대,2015-04-01,3619
순대,2015-04-02,3864
순대,2015-04-03,4972
순대,2015-04-04,4462
순대,2015-04-05,5155
순대,2015-04-06,3558
순대,2015-04-07,3898
순대,2015-04-08,3797
순대,2015-04-09,3881
순대,2015-04-10,5030
순대,2015-04-11,4703
순대,2015-04-12,4643
순대,2015-04-13,3809
순대,2015-04-14,4155
순대,2015-04-15,3651
순대,2015-04-16,3646
순대,2015-04-17,4457
순대,2015-04-18,4939
순대,2015-04-19,5009
순대,2015-04-20,3963
순대,2015-04-21,4122
순대,2015-04-22,3772
순대,2015-04-23,3465
순대,2015-04-24,4678
순대,2015-04-25,5282
순대,2015-04-26,5260
순대,2015-04-27,4039
순대,2015-04-28,4118
순대,2015-04-29,3895
순대,2015-04-30,3771
순대,2015-05-01,4607
순대,2015-05-02,5123
순대,2015-05-03,4506
순대,2015-05-04,3751
순대,2015-05-05,4110
순대,2015-05-06,4041
순대,2015-05-07,3943
순대,2015-05-08,4544
순대,2015-05-09,5007
순대,2015-05-10,5395
순대,2015-05-11,3867
순대,2015-05-12,3608
순대,2015-05-13,3450
순대,2015-05-14,3457
순대,2015-05-15,5281
순대,2015-05-16,4779
순대,2015-05-17,5352
순대,2015-05-18,3824
순대,2015-05-19,3790
순대,2015-05-20,4119
순대,2015-05-21,3485
순대,2015-05-22,5227
순대,2015-05-23,4793
순대,2015-05-24,4970
순대,2015-05-25,3639
순대,2015-05-26,3464
순대,2015-05-27,3992
순대,2015-05-28,3548
순대,2015-05-29,5067
순대,2015-05-30,4850
만두,2015-03-01,4397
만두,2015-03-02,3956
만두,2015-03-03,3562
만두,2015-03-04,3263
만두,2015-03-05,3915
만두,2015-03-06,5027
만두,2015-03-07,4775
만두,2015-03-08,4492
만두,2015-03-09,3823
만두,2015-03-10,3926
만두,2015-03-11,3853
만두,2015-03-12,3332
만두,2015-03-13,5119
만두,2015-03-14,4733
만두,2015-03-15,4217
만두,2015-03-16,3338
만두,2015-03-17,3244
만두,2015-03-18,3828
만두,2015-03-19,3803
만두,2015-03-20,5083
만두,2015-03-21,4557
만두,2015-03-22,5124
만두,2015-03-23,3833
만두,2015-03-24,3807
만두,2015-03-25,3688
만두,2015-03-26,3936
만두,2015-03-27,4680
만두,2015-03-28,5048
만두,2015-03-29,4587
만두,2015-03-30,3562
만두,2015-03-31,3914
만두,2015-04-01,3732
만두,2015-04-02,3253
만두,2015-04-03,4367
만두,2015-04-04,4676
만두,2015-04-05,4611
만두,2015-04-06,3954
만두,2015-04-07,3880
만두,2015-04-08,3489
만두,2015-04-09,3748
만두,2015-04-10,5063
만두,2015-04-11,4845
만두,2015-04-12,4810
만두,2015-04-13,3348
만두,2015-04-14,3673
만두,2015-04-15,3436
만두,2015-04-16,3570
만두,2015-04-17,4420
만두,2015-04-18,4451
만두,2015-04-19,4824
만두,2015-04-20,3580
만두,2015-04-21,3356
만두,2015-04-22,3436
만두,2015-04-23,3753
만두,2015-04-24,4786
만두,2015-04-25,4336
만두,2015-04-26,4278
만두,2015-04-27,3936
만두,2015-04-28,3505
만두,2015-04-29,3728
만두,2015-04-30,3849
만두,2015-05-01,4438
만두,2015-05-02,4245
만두,2015-05-03,4769
만두,2015-05-04,3842
만두,2015-05-05,3501
만두,2015-05-06,3479
만두,2015-05-07,3704
만두,2015-05-08,5109
만두,2015-05-09,4770
만두,2015-05-10,4690
만두,2015-05-11,3352
만두,2015-05-12,3849
만두,2015-05-13,3394
만두,2015-05-14,3722
만두,2015-05-15,4790
만두,2015-05-16,4259
만두,2015-05-17,5101
만두,2015-05-18,3659
만두,2015-05-19,3860
만두,2015-05-20,3613
만두,2015-05-21,3432
만두,2015-05-22,4771
만두,2015-05-23,4957
만두,2015-05-24,4857
만두,2015-05-25,3586
만두,2015-05-26,3575
만두,2015-05-27,3685
만두,2015-05-28,3563
만두,2015-05-29,4776
만두,2015-05-30,4216
스낵,2015-03-01,7072
스낵,2015-03-02,4857
스낵,2015-03-03,4572
스낵,2015-03-04,5316
스낵,2015-03-05,4990
스낵,2015-03-06,6926
스낵,2015-03-07,5840
스낵,2015-03-08,6926
스낵,2015-03-09,5170
스낵,2015-03-10,5217
스낵,2015-03-11,5310
스낵,2015-03-12,4951
스낵,2015-03-13,6983
스낵,2015-03-14,6059
스낵,2015-03-15,5826
스낵,2015-03-16,4768
스낵,2015-03-17,5109
스낵,2015-03-18,4767
스낵,2015-03-19,5390
스낵,2015-03-20,6794
스낵,2015-03-21,6228
스낵,2015-03-22,6411
스낵,2015-03-23,4867
스낵,2015-03-24,5224
스낵,2015-03-25,4936
스낵,2015-03-26,4470
스낵,2015-03-27,6618
스낵,2015-03-28,6094
스낵,2015-03-29,6753
스낵,2015-03-30,4748
스낵,2015-03-31,5352
스낵,2015-04-01,5300
스낵,2015-04-02,4912
스낵,2015-04-03,5883
스낵,2015-04-04,6535
스낵,2015-04-05,6537
스낵,2015-04-06,5439
스낵,2015-04-07,4787
스낵,2015-04-08,5115
스낵,2015-04-09,5384
스낵,2015-04-10,6531
스낵,2015-04-11,6682
스낵,2015-04-12,5907
스낵,2015-04-13,5313
스낵,2015-04-14,4951
스낵,2015-04-15,4676
스낵,2015-04-16,4863
스낵,2015-04-17,6932
스낵,2015-04-18,6429
스낵,2015-04-19,6657
스낵,2015-04-20,4735
스낵,2015-04-21,5264
스낵,2015-04-22,4699
스낵,2015-04-23,4821
스낵,2015-04-24,6095
스낵,2015-04-25,6996
스낵,2015-04-26,6326
스낵,2015-04-27,4591
스낵,2015-04-28,5360
스낵,2015-04-29,4799
스낵,2015-04-30,5299
스낵,2015-05-01,5975
스낵,2015-05-02,6254
스낵,2015-05-03,6107
스낵,2015-05-04,4500
스낵,2015-05-05,5232
스낵,2015-05-06,4652
스낵,2015-05-07,4843
스낵,2015-05-08,6208
스낵,2015-05-09,6566
스낵,2015-05-10,6488
스낵,2015-05-11,5436
스낵,2015-05-12,4706
스낵,2015-05-13,5183
스낵,2015-05-14,5423
스낵,2015-05-15,6510
스낵,2015-05-16,6297
스낵,2015-05-17,6853
스낵,2015-05-18,4566
스낵,2015-05-19,4985
스낵,2015-05-20,4894
스낵,2015-05-21,4726
스낵,2015-05-22,5994
스낵,2015-05-23,6914
스낵,2015-05-24,6515
스낵,2015-05-25,5000
스낵,2015-05-26,5041
스낵,2015-05-27,5176
스낵,2015-05-28,5088
스낵,2015-05-29,6582
스낵,2015-05-30,5859
과일,2015-03-01,5900
과일,2015-03-02,4558
과일,2015-03-03,4595
과일,2015-03-04,4589
과일,2015-03-05,4106
과일,2015-03-06,5332
과일,2015-03-07,6042
과일,2015-03-08,6209
과일,2015-03-09,4163
과일,2015-03-10,4734
과일,2015-03-11,4468
과일,2015-03-12,4918
과일,2015-03-13,5823
과일,2015-03-14,5897
과일,2015-03-15,5682
과일,2015-03-16,4497
과일,2015-03-17,4099
과일,2015-03-18,4514
과일,2015-03-19,4893
과일,2015-03-20,5856
과일,2015-03-21,5751
과일,2015-03-22,5279
과일,2015-03-23,4066
과일,2015-03-24,4074
과일,2015-03-25,4176
과일,2015-03-26,4452
과일,2015-03-27,6180
과일,2015-03-28,5568
과일,2015-03-29,6121
과일,2015-03-30,4500
과일,2015-03-31,4291
과일,2015-04-01,4048
과일,2015-04-02,4631
과일,2015-04-03,5320
과일,2015-04-04,6216
과일,2015-04-05,5399
과일,2015-04-06,4620
과일,2015-04-07,4783
과일,2015-04-08,4263
과일,2015-04-09,4154
과일,2015-04-10,6131
과일,2015-04-11,5489
과일,2015-04-12,5554
과일,2015-04-13,4509
과일,2015-04-14,4457
과일,2015-04-15,4367
과일,2015-04-16,4727
과일,2015-04-17,5892
과일,2015-04-18,5422
과일,2015-04-19,6394
과일,2015-04-20,4251
과일,2015-04-21,4149
과일,2015-04-22,4223
과일,2015-04-23,4372
과일,2015-04-24,5660
과일,2015-04-25,5594
과일,2015-04-26,5293
과일,2015-04-27,4870
과일,2015-04-28,4542
과일,2015-04-29,4230
과일,2015-04-30,4819
과일,2015-05-01,5786
과일,2015-05-02,5873
과일,2015-05-03,6155
과일,2015-05-04,4612
과일,2015-05-05,4162
과일,2015-05-06,4320
과일,2015-05-07,4884
과일,2015-05-08,5461
과일,2015-05-09,6116
과일,2015-05-10,5776
과일,2015-05-11,4159
과일,2015-05-12,4216
과일,2015-05-13,4637
과일,2015-05-14,4156
과일,2015-05-15,5726
과일,2015-05-16,5767
과일,2015-05-17,5967
과일,2015-05-18,4257
과일,2015-05-19,4448
과일,2015-05-20,4180
과일,2015-05-21,4801
과일,2015-05-22,5424
과일,2015-05-23,5344
과일,2015-05-24,6282
과일,2015-05-25,4301
과일,2015-05-26,4706
과일,2015-05-27,4392
과일,2015-05-28,4434
과일,2015-05-29,5428
과일,2015-05-30,5410
우유,2015-03-01,1511
우유,2015-03-02,1254
우유,2015-03-03,1248
우유,2015-03-04,1279
우유,2015-03-05,1237
우유,2015-03-06,1481
우유,2015-03-07,1464
우유,2015-03-08,1535
우유,2015-03-09,1338
우유,2015-03-10,1192
우유,2015-03-11,1275
우유,2015-03-12,1277
우유,2015-03-13,1785
우유,2015-03-14,1525
우유,2015-03-15,1707
우유,2015-03-16,1186
우유,2015-03-17,1207
우유,2015-03-18,1126
우유,2015-03-19,1374
우유,2015-03-20,1605
우유,2015-03-21,1787
우유,2015-03-22,1526
우유,2015-03-23,1153
우유,2015-03-24,1188
우유,2015-03-25,1295
우유,2015-03-26,1269
우유,2015-03-27,1598
우유,2015-03-28,1699
우유,2015-03-29,1649
우유,2015-03-30,1269
우유,2015-03-31,1272
우유,2015-04-01,1181
우유,2015-04-02,2736
우유,2015-04-03,3054
우유,2015-04-04,3031
우유,2015-04-05,3225
우유,2015-04-06,3306
우유,2015-04-07,2438
우유,2015-04-08,3053
우유,2015-04-09,2272
우유,2015-04-10,3102
우유,2015-04-11,2969
우유,2015-04-12,3537
우유,2015-04-13,2477
우유,2015-04-14,2542
우유,2015-04-15,2864
우유,2015-04-16,2528
우유,2015-04-17,3597
우유,2015-04-18,2961
우유,2015-04-19,3624
우유,2015-04-20,2610
우유,2015-04-21,2328
우유,2015-04-22,3304
우유,2015-04-23,2907
우유,2015-04-24,3307
우유,2015-04-25,3313
우유,2015-04-26,3330
우유,2015-04-27,2562
우유,2015-04-28,2463
우유,2015-04-29,2624
우유,2015-04-30,2727
우유,2015-05-01,3351
우유,2015-05-02,3956
우유,2015-05-03,2897
우유,2015-05-04,2712
우유,2015-05-05,3347
우유,2015-05-06,2449
우유,2015-05-07,2849
우유,2015-05-08,2555
우유,2015-05-09,2395
우유,2015-05-10,2322
우유,2015-05-11,3333
우유,2015-05-12,3201
우유,2015-05-13,2834
우유,2015-05-14,2852
우유,2015-05-15,3035
우유,2015-05-16,2616
우유,2015-05-17,2424
우유,2015-05-18,2362
우유,2015-05-19,3782
우유,2015-05-20,3553
우유,2015-05-21,2995
우유,2015-05-22,2944
우유,2015-05-23,2425
우유,2015-05-24,3002
우유,2015-05-25,2937
우유,2015-05-26,3754
우유,2015-05-27,2996
우유,2015-05-28,2815
우유,2015-05-29,2590
우유,2015-05-30,2697
콜라,2015-03-01,11652
콜라,2015-03-02,9525
콜라,2015-03-03,10380
콜라,2015-03-04,10811
콜라,2015-03-05,9733
콜라,2015-03-06,12927
콜라,2015-03-07,11757
콜라,2015-03-08,13204
콜라,2015-03-09,9610
콜라,2015-03-10,9751
콜라,2015-03-11,10818
콜라,2015-03-12,10258
콜라,2015-03-13,13432
콜라,2015-03-14,12022
콜라,2015-03-15,12107
콜라,2015-03-16,10646
콜라,2015-03-17,10568
콜라,2015-03-18,10337
콜라,2015-03-19,9467
콜라,2015-03-20,12124
콜라,2015-03-21,12855
콜라,2015-03-22,12926
콜라,2015-03-23,9345
콜라,2015-03-24,10421
콜라,2015-03-25,8959
콜라,2015-03-26,10319
콜라,2015-03-27,13747
콜라,2015-03-28,13979
콜라,2015-03-29,13287
콜라,2015-03-30,9444
콜라,2015-03-31,9342
콜라,2015-04-01,10628
콜라,2015-04-02,8959
콜라,2015-04-03,13771
콜라,2015-04-04,12932
콜라,2015-04-05,12704
콜라,2015-04-06,10754
콜라,2015-04-07,9236
콜라,2015-04-08,9660
콜라,2015-04-09,9183
콜라,2015-04-10,11968
콜라,2015-04-11,13324
콜라,2015-04-12,13030
콜라,2015-04-13,9844
콜라,2015-04-14,10516
콜라,2015-04-15,10816
콜라,2015-04-16,9931
콜라,2015-04-17,13394
콜라,2015-04-18,12049
콜라,2015-04-19,12497
콜라,2015-04-20,9009
콜라,2015-04-21,9212
콜라,2015-04-22,9107
콜라,2015-04-23,9465
콜라,2015-04-24,12580
콜라,2015-04-25,13215
콜라,2015-04-26,13403
콜라,2015-04-27,9556
콜라,2015-04-28,10821
콜라,2015-04-29,10289
콜라,2015-04-30,9229
콜라,2015-05-01,12533
콜라,2015-05-02,12361
콜라,2015-05-03,12762
콜라,2015-05-04,10540
콜라,2015-05-05,9370
콜라,2015-05-06,9707
콜라,2015-05-07,10834
콜라,2015-05-08,11903
콜라,2015-05-09,13205
콜라,2015-05-10,13395
콜라,2015-05-11,10081
콜라,2015-05-12,10883
콜라,2015-05-13,9000
콜라,2015-05-14,10870
콜라,2015-05-15,13501
콜라,2015-05-16,12707
콜라,2015-05-17,11977
콜라,2015-05-18,9799
콜라,2015-05-19,9279
콜라,2015-05-20,9755
콜라,2015-05-21,10535
콜라,2015-05-22,11713
콜라,2015-05-23,12421
콜라,2015-05-24,13751
콜라,2015-05-25,8990
콜라,2015-05-26,10478
콜라,2015-05-27,10814
콜라,2015-05-28,10219
콜라,2015-05-29,11605
콜라,2015-05-30,12782
저지방우유,2015-03-01,787
저지방우유,2015-03-02,525
저지방우유,2015-03-03,620
저지방우유,2015-03-04,609
저지방우유,2015-03-05,553
저지방우유,2015-03-06,791
저지방우유,2015-03-07,780
저지방우유,2015-03-08,705
저지방우유,2015-03-09,600
저지방우유,2015-03-10,630
저지방우유,2015-03-11,621
저지방우유,2015-03-12,613
저지방우유,2015-03-13,782
저지방우유,2015-03-14,768
저지방우유,2015-03-15,739
저지방우유,2015-03-16,537
저지방우유,2015-03-17,617
저지방우유,2015-03-18,605
저지방우유,2015-03-19,613
저지방우유,2015-03-20,681
저지방우유,2015-03-21,705
저지방우유,2015-03-22,769
저지방우유,2015-03-23,531
저지방우유,2015-03-24,604
저지방우유,2015-03-25,587
저지방우유,2015-03-26,555
저지방우유,2015-03-27,738
저지방우유,2015-03-28,780
저지방우유,2015-03-29,703
저지방우유,2015-03-30,535
저지방우유,2015-03-31,584
저지방우유,2015-04-01,534
저지방우유,2015-04-02,533
저지방우유,2015-04-03,775
저지방우유,2015-04-04,764
저지방우유,2015-04-05,725
저지방우유,2015-04-06,553
저지방우유,2015-04-07,595
저지방우유,2015-04-08,618
저지방우유,2015-04-09,528
저지방우유,2015-04-10,828
저지방우유,2015-04-11,682
저지방우유,2015-04-12,706
저지방우유,2015-04-13,560
저지방우유,2015-04-14,621
저지방우유,2015-04-15,543
저지방우유,2015-04-16,614
저지방우유,2015-04-17,808
저지방우유,2015-04-18,750
저지방우유,2015-04-19,776
저지방우유,2015-04-20,560
저지방우유,2015-04-21,576
저지방우유,2015-04-22,631
저지방우유,2015-04-23,550
저지방우유,2015-04-24,682
저지방우유,2015-04-25,824
저지방우유,2015-04-26,718
저지방우유,2015-04-27,598
저지방우유,2015-04-28,531
저지방우유,2015-04-29,634
저지방우유,2015-04-30,629
저지방우유,2015-05-01,810
저지방우유,2015-05-02,743
저지방우유,2015-05-03,796
저지방우유,2015-05-04,557
저지방우유,2015-05-05,556
저지방우유,2015-05-06,638
저지방우유,2015-05-07,636
저지방우유,2015-05-08,751
저지방우유,2015-05-09,794
저지방우유,2015-05-10,728
저지방우유,2015-05-11,549
저지방우유,2015-05-12,594
저지방우유,2015-05-13,561
저지방우유,2015-05-14,529
저지방우유,2015-05-15,827
저지방우유,2015-05-16,782
저지방우유,2015-05-17,809
저지방우유,2015-05-18,576
저지방우유,2015-05-19,537
저지방우유,2015-05-20,601
저지방우유,2015-05-21,524
저지방우유,2015-05-22,703
저지방우유,2015-05-23,814
저지방우유,2015-05-24,702
저지방우유,2015-05-25,552
저지방우유,2015-05-26,550
저지방우유,2015-05-27,558
저지방우유,2015-05-28,548
저지방우유,2015-05-29,683
저지방우유,2015-05-30,815
칵테일,2015-03-01,18737
칵테일,2015-03-02,14369
칵테일,2015-03-03,13077
칵테일,2015-03-04,13035
칵테일,2015-03-05,12012
칵테일,2015-03-06,16679
칵테일,2015-03-07,18521
칵테일,2015-03-08,16717
칵테일,2015-03-09,13209
칵테일,2015-03-10,13273
칵테일,2015-03-11,12330
칵테일,2015-03-12,13302
칵테일,2015-03-13,15823
칵테일,2015-03-14,17552
칵테일,2015-03-15,17314
칵테일,2015-03-16,12481
칵테일,2015-03-17,14260
칵테일,2015-03-18,12404
칵테일,2015-03-19,12994
칵테일,2015-03-20,18479
칵테일,2015-03-21,16262
칵테일,2015-03-22,16445
칵테일,2015-03-23,14194
칵테일,2015-03-24,13514
칵테일,2015-03-25,14143
칵테일,2015-03-26,13140
칵테일,2015-03-27,18513
칵테일,2015-03-28,16024
칵테일,2015-03-29,17576
칵테일,2015-03-30,13788
칵테일,2015-03-31,12382
칵테일,2015-04-01,13381
칵테일,2015-04-02,13653
칵테일,2015-04-03,18599
칵테일,2015-04-04,16561
칵테일,2015-04-05,17320
칵테일,2015-04-06,11893
칵테일,2015-04-07,12857
칵테일,2015-04-08,13563
칵테일,2015-04-09,13489
칵테일,2015-04-10,18252
칵테일,2015-04-11,15849
칵테일,2015-04-12,17721
칵테일,2015-04-13,12412
칵테일,2015-04-14,13429
칵테일,2015-04-15,13715
칵테일,2015-04-16,13275
칵테일,2015-04-17,16712
칵테일,2015-04-18,17841
칵테일,2015-04-19,17070
칵테일,2015-04-20,12489
칵테일,2015-04-21,13079
칵테일,2015-04-22,12089
칵테일,2015-04-23,12560
칵테일,2015-04-24,17346
칵테일,2015-04-25,15519
칵테일,2015-04-26,16169
칵테일,2015-04-27,13560
칵테일,2015-04-28,13773
칵테일,2015-04-29,13931
칵테일,2015-04-30,12073
칵테일,2015-05-01,15783
칵테일,2015-05-02,18692
칵테일,2015-05-03,18639
칵테일,2015-05-04,14313
칵테일,2015-05-05,13596
칵테일,2015-05-06,12293
칵테일,2015-05-07,14283
칵테일,2015-05-08,18609
칵테일,2015-05-09,16025
칵테일,2015-05-10,15696
칵테일,2015-05-11,13375
칵테일,2015-05-12,12845
칵테일,2015-05-13,13095
칵테일,2015-05-14,13107
칵테일,2015-05-15,18117
칵테일,2015-05-16,18271
칵테일,2015-05-17,16413
칵테일,2015-05-18,13807
칵테일,2015-05-19,13189
칵테일,2015-05-20,12055
칵테일,2015-05-21,11979
칵테일,2015-05-22,16259
칵테일,2015-05-23,16194
칵테일,2015-05-24,16894
칵테일,2015-05-25,13331
칵테일,2015-05-26,13764
칵테일,2015-05-27,12514
칵테일,2015-05-28,14245
칵테일,2015-05-29,17100
칵테일,2015-05-30,16346
맥주,2015-03-01,28948
맥주,2015-03-02,23859
맥주,2015-03-03,24154
맥주,2015-03-04,23430
맥주,2015-03-05,24850
맥주,2015-03-06,29485
맥주,2015-03-07,28261
맥주,2015-03-08,29855
맥주,2015-03-09,22543
맥주,2015-03-10,21934
맥주,2015-03-11,25064
맥주,2015-03-12,22944
맥주,2015-03-13,27111
맥주,2015-03-14,32692
맥주,2015-03-15,29277
맥주,2015-03-16,20827
맥주,2015-03-17,25320
맥주,2015-03-18,22534
맥주,2015-03-19,25345
맥주,2015-03-20,27866
맥주,2015-03-21,30404
맥주,2015-03-22,31798
맥주,2015-03-23,21686
맥주,2015-03-24,24073
맥주,2015-03-25,23404
맥주,2015-03-26,20837
맥주,2015-03-27,28570
맥주,2015-03-28,29856
맥주,2015-03-29,32594
맥주,2015-03-30,25388
맥주,2015-03-31,21760
맥주,2015-04-01,23309
맥주,2015-04-02,23772
맥주,2015-04-03,32439
맥주,2015-04-04,31425
맥주,2015-04-05,30689
맥주,2015-04-06,21827
맥주,2015-04-07,25023
맥주,2015-04-08,24499
맥주,2015-04-09,22233
맥주,2015-04-10,28392
맥주,2015-04-11,30977
맥주,2015-04-12,31446
맥주,2015-04-13,22939
맥주,2015-04-14,24780
맥주,2015-04-15,23909
맥주,2015-04-16,21536
맥주,2015-04-17,27100
맥주,2015-04-18,32229
맥주,2015-04-19,27632
맥주,2015-04-20,22233
맥주,2015-04-21,22797
맥주,2015-04-22,23635
맥주,2015-04-23,22357
맥주,2015-04-24,30510
맥주,2015-04-25,32010
맥주,2015-04-26,29037
맥주,2015-04-27,22555
맥주,2015-04-28,23588
맥주,2015-04-29,23080
맥주,2015-04-30,21295
맥주,2015-05-01,32108
맥주,2015-05-02,29705
맥주,2015-05-03,31534
맥주,2015-05-04,24465
맥주,2015-05-05,22595
맥주,2015-05-06,20859
맥주,2015-05-07,24225
맥주,2015-05-08,27438
맥주,2015-05-09,30222
맥주,2015-05-10,27764
맥주,2015-05-11,23912
맥주,2015-05-12,21049
맥주,2015-05-13,24477
맥주,2015-05-14,23851
맥주,2015-05-15,28494
맥주,2015-05-16,27990
맥주,2015-05-17,27375
맥주,2015-05-18,20860
맥주,2015-05-19,24640
맥주,2015-05-20,22000
맥주,2015-05-21,21046
맥주,2015-05-22,29117
맥주,2015-05-23,30512
맥주,2015-05-24,31857
맥주,2015-05-25,22362
맥주,2015-05-26,21413
맥주,2015-05-27,24364
맥주,2015-05-28,24843
맥주,2015-05-29,32961
맥주,2015-05-30,30960
양주,2015-03-01,22063
양주,2015-03-02,18355
양주,2015-03-03,17674
양주,2015-03-04,16768
양주,2015-03-05,18229
양주,2015-03-06,25408
양주,2015-03-07,21809
양주,2015-03-08,22902
양주,2015-03-09,17277
양주,2015-03-10,16186
양주,2015-03-11,16419
양주,2015-03-12,17562
양주,2015-03-13,21104
양주,2015-03-14,21008
양주,2015-03-15,21690
양주,2015-03-16,17415
양주,2015-03-17,18165
양주,2015-03-18,17266
양주,2015-03-19,17831
양주,2015-03-20,24376
양주,2015-03-21,21669
양주,2015-03-22,24800
양주,2015-03-23,17208
양주,2015-03-24,16900
양주,2015-03-25,17172
양주,2015-03-26,18885
양주,2015-03-27,22066
양주,2015-03-28,25167
양주,2015-03-29,21573
양주,2015-03-30,16838
양주,2015-03-31,18300
양주,2015-04-01,16983
양주,2015-04-02,18590
양주,2015-04-03,24330
양주,2015-04-04,22102
양주,2015-04-05,23542
양주,2015-04-06,19334
양주,2015-04-07,18594
양주,2015-04-08,19079
양주,2015-04-09,19349
양주,2015-04-10,22252
양주,2015-04-11,23904
양주,2015-04-12,21542
양주,2015-04-13,19112
양주,2015-04-14,18443
양주,2015-04-15,18683
양주,2015-04-16,17189
양주,2015-04-17,23983
양주,2015-04-18,23037
양주,2015-04-19,23902
양주,2015-04-20,18870
양주,2015-04-21,19284
양주,2015-04-22,17948
양주,2015-04-23,16629
양주,2015-04-24,22136
양주,2015-04-25,21509
양주,2015-04-26,21987
양주,2015-04-27,18646
양주,2015-04-28,18304
양주,2015-04-29,17680
양주,2015-04-30,18329
양주,2015-05-01,23342
양주,2015-05-02,22417
양주,2015-05-03,24461
양주,2015-05-04,18332
양주,2015-05-05,18829
양주,2015-05-06,16703
양주,2015-05-07,17480
양주,2015-05-08,25352
양주,2015-05-09,22636
양주,2015-05-10,21244
양주,2015-05-11,17955
양주,2015-05-12,19456
양주,2015-05-13,19121
양주,2015-05-14,18026
양주,2015-05-15,23971
양주,2015-05-16,23207
양주,2015-05-17,25173
양주,2015-05-18,16393
양주,2015-05-19,17839
양주,2015-05-20,18858
양주,2015-05-21,19170
양주,2015-05-22,25069
양주,2015-05-23,24650
양주,2015-05-24,21598
양주,2015-05-25,18670
양주,2015-05-26,18776
양주,2015-05-27,18424
양주,2015-05-28,19307
양주,2015-05-29,22693
양주,2015-05-30,25326
와인,2015-03-01,4962
와인,2015-03-02,3615
와인,2015-03-03,3920
와인,2015-03-04,3585
와인,2015-03-05,3865
와인,2015-03-06,4918
와인,2015-03-07,5333
와인,2015-03-08,5068
와인,2015-03-09,3816
와인,2015-03-10,3613
와인,2015-03-11,3828
와인,2015-03-12,3644
와인,2015-03-13,4819
와인,2015-03-14,5372
와인,2015-03-15,4950
와인,2015-03-16,3799
와인,2015-03-17,3829
와인,2015-03-18,4107
와인,2015-03-19,3473
와인,2015-03-20,4814
와인,2015-03-21,4591
와인,2015-03-22,5328
와인,2015-03-23,3828
와인,2015-03-24,3875
와인,2015-03-25,3769
와인,2015-03-26,3815
와인,2015-03-27,4620
와인,2015-03-28,4536
와인,2015-03-29,4528
와인,2015-03-30,3525
와인,2015-03-31,3743
와인,2015-04-01,4051
와인,2015-04-02,4037
와인,2015-04-03,4602
와인,2015-04-04,5467
와인,2015-04-05,4648
와인,2015-04-06,3838
와인,2015-04-07,3900
와인,2015-04-08,4183
와인,2015-04-09,4096
와인,2015-04-10,5038
와인,2015-04-11,4889
와인,2015-04-12,5051
와인,2015-04-13,4078
와인,2015-04-14,3948
와인,2015-04-15,3545
와인,2015-04-16,3613
와인,2015-04-17,5347
와인,2015-04-18,4984
와인,2015-04-19,5283
와인,2015-04-20,4095
와인,2015-04-21,3694
와인,2015-04-22,3640
와인,2015-04-23,3943
와인,2015-04-24,4879
와인,2015-04-25,5391
와인,2015-04-26,4630
와인,2015-04-27,3587
와인,2015-04-28,3957
와인,2015-04-29,3608
와인,2015-04-30,3977
와인,2015-05-01,5017
와인,2015-05-02,5247
와인,2015-05-03,4841
와인,2015-05-04,3551
와인,2015-05-05,3775
와인,2015-05-06,3883
와인,2015-05-07,4035
와인,2015-05-08,4677
와인,2015-05-09,5092
와인,2015-05-10,5005
와인,2015-05-11,4186
와인,2015-05-12,4166
와인,2015-05-13,3583
와인,2015-05-14,3702
와인,2015-05-15,5203
와인,2015-05-16,5268
와인,2015-05-17,5015
와인,2015-05-18,3640
와인,2015-05-19,3593
와인,2015-05-20,3708
와인,2015-05-21,3500
와인,2015-05-22,5175
와인,2015-05-23,5252
와인,2015-05-24,4753
와인,2015-05-25,3825
와인,2015-05-26,3499
와인,2015-05-27,3541
와인,2015-05-28,4156
와인,2015-05-29,5120
와인,2015-05-30,5146
소주,2015-03-01,21283
소주,2015-03-02,15773
소주,2015-03-03,17968
소주,2015-03-04,14926
소주,2015-03-05,15435
소주,2015-03-06,23472
소주,2015-03-07,22736
소주,2015-03-08,23594
소주,2015-03-09,15710
소주,2015-03-10,16771
소주,2015-03-11,15089
소주,2015-03-12,17498
소주,2015-03-13,23083
소주,2015-03-14,23122
소주,2015-03-15,19354
소주,2015-03-16,15647
소주,2015-03-17,16854
소주,2015-03-18,16047
소주,2015-03-19,17190
소주,2015-03-20,19485
소주,2015-03-21,22124
소주,2015-03-22,20295
소주,2015-03-23,15751
소주,2015-03-24,17269
소주,2015-03-25,15438
소주,2015-03-26,16123
소주,2015-03-27,22241
소주,2015-03-28,21086
소주,2015-03-29,21631
소주,2015-03-30,16352
소주,2015-03-31,15269
소주,2015-04-01,14953
소주,2015-04-02,15397
소주,2015-04-03,22732
소주,2015-04-04,19916
소주,2015-04-05,19624
소주,2015-04-06,14944
소주,2015-04-07,16227
소주,2015-04-08,17668
소주,2015-04-09,15941
소주,2015-04-10,21212
소주,2015-04-11,21079
소주,2015-04-12,20814
소주,2015-04-13,17912
소주,2015-04-14,17919
소주,2015-04-15,15775
소주,2015-04-16,17257
소주,2015-04-17,20235
소주,2015-04-18,23339
소주,2015-04-19,19581
소주,2015-04-20,18113
소주,2015-04-21,15544
소주,2015-04-22,15901
소주,2015-04-23,15252
소주,2015-04-24,21811
소주,2015-04-25,22129
소주,2015-04-26,23579
소주,2015-04-27,15490
소주,2015-04-28,17544
소주,2015-04-29,16894
소주,2015-04-30,18103
소주,2015-05-01,21200
소주,2015-05-02,22412
소주,2015-05-03,19630
소주,2015-05-04,16930
소주,2015-05-05,15558
소주,2015-05-06,17883
소주,2015-05-07,17529
소주,2015-05-08,22978
소주,2015-05-09,22809
소주,2015-05-10,21094
소주,2015-05-11,18076
소주,2015-05-12,16498
소주,2015-05-13,16495
소주,2015-05-14,15983
소주,2015-05-15,19594
소주,2015-05-16,23198
소주,2015-05-17,20254
소주,2015-05-18,15832
소주,2015-05-19,17023
소주,2015-05-20,16720
소주,2015-05-21,18055
소주,2015-05-22,19755
소주,2015-05-23,21638
소주,2015-05-24,23232
소주,2015-05-25,17731
소주,2015-05-26,17835
소주,2015-05-27,17420
소주,2015-05-28,15402
소주,2015-05-29,19826
소주,2015-05-30,19812
삼각김밥,2015-03-01,23698
삼각김밥,2015-03-02,19505
삼각김밥,2015-03-03,19974
삼각김밥,2015-03-04,18208
삼각김밥,2015-03-05,19624
삼각김밥,2015-03-06,23872
삼각김밥,2015-03-07,24882
삼각김밥,2015-03-08,25267
삼각김밥,2015-03-09,19158
삼각김밥,2015-03-10,19765
삼각김밥,2015-03-11,17784
삼각김밥,2015-03-12,17308
삼각김밥,2015-03-13,22071
삼각김밥,2015-03-14,21693
삼각김밥,2015-03-15,25958
삼각김밥,2015-03-16,19574
삼각김밥,2015-03-17,16919
삼각김밥,2015-03-18,17008
삼각김밥,2015-03-19,17275
삼각김밥,2015-03-20,24162
삼각김밥,2015-03-21,25155
삼각김밥,2015-03-22,22190
삼각김밥,2015-03-23,17014
삼각김밥,2015-03-24,18673
삼각김밥,2015-03-25,17706
삼각김밥,2015-03-26,18260
삼각김밥,2015-03-27,22191
삼각김밥,2015-03-28,26050
삼각김밥,2015-03-29,25142
삼각김밥,2015-03-30,18338
삼각김밥,2015-03-31,19117
삼각김밥,2015-04-01,17698
삼각김밥,2015-04-02,10580
삼각김밥,2015-04-03,10411
삼각김밥,2015-04-04,22345
삼각김밥,2015-04-05,14372
삼각김밥,2015-04-06,17333
삼각김밥,2015-04-07,13363
삼각김밥,2015-04-08,12333
삼각김밥,2015-04-09,13109
삼각김밥,2015-04-10,11417
삼각김밥,2015-04-11,11582
삼각김밥,2015-04-12,15342
삼각김밥,2015-04-13,13301
삼각김밥,2015-04-14,20489
삼각김밥,2015-04-15,14498
삼각김밥,2015-04-16,14525
삼각김밥,2015-04-17,11942
삼각김밥,2015-04-18,11868
삼각김밥,2015-04-19,12504
삼각김밥,2015-04-20,13353
삼각김밥,2015-04-21,18885
삼각김밥,2015-04-22,23021
삼각김밥,2015-04-23,16225
삼각김밥,2015-04-24,12456
삼각김밥,2015-04-25,3941
삼각김밥,2015-04-26,8814
삼각김밥,2015-04-27,11131
삼각김밥,2015-04-28,18645
삼각김밥,2015-04-29,20129
삼각김밥,2015-04-30,14295
삼각김밥,2015-05-01,14816
삼각김밥,2015-05-02,10667
삼각김밥,2015-05-03,11800
삼각김밥,2015-05-04,14107
삼각김밥,2015-05-05,17507
삼각김밥,2015-05-06,15822
삼각김밥,2015-05-07,17861
삼각김밥,2015-05-08,12447
삼각김밥,2015-05-09,13677
삼각김밥,2015-05-10,9264
삼각김밥,2015-05-11,12062
삼각김밥,2015-05-12,17131
삼각김밥,2015-05-13,17310
삼각김밥,2015-05-14,19021
삼각김밥,2015-05-15,9263
삼각김밥,2015-05-16,13216
삼각김밥,2015-05-17,12147
삼각김밥,2015-05-18,11672
삼각김밥,2015-05-19,17915
삼각김밥,2015-05-20,16729
삼각김밥,2015-05-21,9284
삼각김밥,2015-05-22,13632
삼각김밥,2015-05-23,13495
삼각김밥,2015-05-24,9705
삼각김밥,2015-05-25,15569
삼각김밥,2015-05-26,16114
삼각김밥,2015-05-27,13336
삼각김밥,2015-05-28,14966
삼각김밥,2015-05-29,10663
삼각김밥,2015-05-30,13974
오므라이스,2015-03-01,3278
오므라이스,2015-03-02,2693
오므라이스,2015-03-03,2776
오므라이스,2015-03-04,2385
오므라이스,2015-03-05,2511
오므라이스,2015-03-06,3548
오므라이스,2015-03-07,3163
오므라이스,2015-03-08,3435
오므라이스,2015-03-09,2517
오므라이스,2015-03-10,2634
오므라이스,2015-03-11,2613
오므라이스,2015-03-12,2680
오므라이스,2015-03-13,3565
오므라이스,2015-03-14,3323
오므라이스,2015-03-15,3267
오므라이스,2015-03-16,2746
오므라이스,2015-03-17,2587
오므라이스,2015-03-18,2705
오므라이스,2015-03-19,2760
오므라이스,2015-03-20,3314
오므라이스,2015-03-21,3291
오므라이스,2015-03-22,3589
오므라이스,2015-03-23,2697
오므라이스,2015-03-24,2639
오므라이스,2015-03-25,2683
오므라이스,2015-03-26,2708
오므라이스,2015-03-27,3194
오므라이스,2015-03-28,3204
오므라이스,2015-03-29,3152
오므라이스,2015-03-30,2809
오므라이스,2015-03-31,2462
오므라이스,2015-04-01,2579
오므라이스,2015-04-02,2341
오므라이스,2015-04-03,3556
오므라이스,2015-04-04,3290
오므라이스,2015-04-05,3327
오므라이스,2015-04-06,2802
오므라이스,2015-04-07,2523
오므라이스,2015-04-08,2707
오므라이스,2015-04-09,2726
오므라이스,2015-04-10,3158
오므라이스,2015-04-11,3057
오므라이스,2015-04-12,3241
오므라이스,2015-04-13,2675
오므라이스,2015-04-14,2718
오므라이스,2015-04-15,2659
오므라이스,2015-04-16,2804
오므라이스,2015-04-17,3021
오므라이스,2015-04-18,3272
오므라이스,2015-04-19,3450
오므라이스,2015-04-20,2373
오므라이스,2015-04-21,2330
오므라이스,2015-04-22,2399
오므라이스,2015-04-23,2707
오므라이스,2015-04-24,3591
오므라이스,2015-04-25,3237
오므라이스,2015-04-26,3197
오므라이스,2015-04-27,2448
오므라이스,2015-04-28,2815
오므라이스,2015-04-29,2579
오므라이스,2015-04-30,2680
오므라이스,2015-05-01,3632
오므라이스,2015-05-02,3427
오므라이스,2015-05-03,3195
오므라이스,2015-05-04,2796
오므라이스,2015-05-05,2689
오므라이스,2015-05-06,2345
오므라이스,2015-05-07,2649
오므라이스,2015-05-08,3591
오므라이스,2015-05-09,3098
오므라이스,2015-05-10,3657
오므라이스,2015-05-11,2343
오므라이스,2015-05-12,2410
오므라이스,2015-05-13,2334
오므라이스,2015-05-14,2523
오므라이스,2015-05-15,3494
오므라이스,2015-05-16,3458
오므라이스,2015-05-17,3345
오므라이스,2015-05-18,2364
오므라이스,2015-05-19,2821
오므라이스,2015-05-20,2611
오므라이스,2015-05-21,2692
오므라이스,2015-05-22,3209
오므라이스,2015-05-23,3557
오므라이스,2015-05-24,3441
오므라이스,2015-05-25,2791
오므라이스,2015-05-26,2526
오므라이스,2015-05-27,2481
오므라이스,2015-05-28,2700
오므라이스,2015-05-29,3485
오므라이스,2015-05-30,3311
국밥,2015-03-01,12751
국밥,2015-03-02,8881
국밥,2015-03-03,10006
국밥,2015-03-04,9480
국밥,2015-03-05,9752
국밥,2015-03-06,12534
국밥,2015-03-07,12404
국밥,2015-03-08,12500
국밥,2015-03-09,8672
국밥,2015-03-10,9421
국밥,2015-03-11,9734
국밥,2015-03-12,8753
국밥,2015-03-13,12472
국밥,2015-03-14,11032
국밥,2015-03-15,12581
국밥,2015-03-16,10062
국밥,2015-03-17,9543
국밥,2015-03-18,9549
국밥,2015-03-19,9092
국밥,2015-03-20,11142
국밥,2015-03-21,11938
국밥,2015-03-22,11036
국밥,2015-03-23,9710
국밥,2015-03-24,8993
국밥,2015-03-25,9366
국밥,2015-03-26,9024
국밥,2015-03-27,11299
국밥,2015-03-28,12097
국밥,2015-03-29,11738
국밥,2015-03-30,9910
국밥,2015-03-31,8489
국밥,2015-04-01,8433
국밥,2015-04-02,8624
국밥,2015-04-03,13059
국밥,2015-04-04,11874
국밥,2015-04-05,12431
국밥,2015-04-06,8383
국밥,2015-04-07,9182
국밥,2015-04-08,8400
국밥,2015-04-09,9462
국밥,2015-04-10,12889
국밥,2015-04-11,11281
국밥,2015-04-12,11489
국밥,2015-04-13,9915
국밥,2015-04-14,8375
국밥,2015-04-15,9762
국밥,2015-04-16,9157
국밥,2015-04-17,11003
국밥,2015-04-18,12989
국밥,2015-04-19,11265
국밥,2015-04-20,9695
국밥,2015-04-21,9114
국밥,2015-04-22,9555
국밥,2015-04-23,8662
국밥,2015-04-24,12929
국밥,2015-04-25,10928
국밥,2015-04-26,11340
국밥,2015-04-27,8800
국밥,2015-04-28,9734
국밥,2015-04-29,9029
국밥,2015-04-30,8831
국밥,2015-05-01,10997
국밥,2015-05-02,12013
국밥,2015-05-03,11895
국밥,2015-05-04,10139
국밥,2015-05-05,8579
국밥,2015-05-06,9857
국밥,2015-05-07,8371
국밥,2015-05-08,12682
국밥,2015-05-09,11360
국밥,2015-05-10,11132
국밥,2015-05-11,8668
국밥,2015-05-12,8715
국밥,2015-05-13,10042
국밥,2015-05-14,10143
국밥,2015-05-15,11556
국밥,2015-05-16,11140
국밥,2015-05-17,12399
국밥,2015-05-18,9397
국밥,2015-05-19,8952
국밥,2015-05-20,9820
국밥,2015-05-21,8839
국밥,2015-05-22,12843
국밥,2015-05-23,11140
국밥,2015-05-24,12882
국밥,2015-05-25,8440
국밥,2015-05-26,9120
국밥,2015-05-27,9573
국밥,2015-05-28,8696
국밥,2015-05-29,13075
국밥,2015-05-30,11722
카레,2015-03-01,15594
카레,2015-03-02,10959
카레,2015-03-03,12073
카레,2015-03-04,12249
카레,2015-03-05,11690
카레,2015-03-06,16332
카레,2015-03-07,16219
카레,2015-03-08,16680
카레,2015-03-09,12090
카레,2015-03-10,12034
카레,2015-03-11,10636
카레,2015-03-12,10977
카레,2015-03-13,13788
카레,2015-03-14,16266
카레,2015-03-15,14980
카레,2015-03-16,12442
카레,2015-03-17,10885
카레,2015-03-18,11480
카레,2015-03-19,12221
카레,2015-03-20,13870
카레,2015-03-21,14694
카레,2015-03-22,16052
카레,2015-03-23,12497
카레,2015-03-24,12567
카레,2015-03-25,12760
카레,2015-03-26,11428
카레,2015-03-27,16581
카레,2015-03-28,15831
카레,2015-03-29,14973
카레,2015-03-30,11446
카레,2015-03-31,11023
카레,2015-04-01,12291
카레,2015-04-02,11571
카레,2015-04-03,15068
카레,2015-04-04,13942
카레,2015-04-05,14800
카레,2015-04-06,12624
카레,2015-04-07,11804
카레,2015-04-08,10602
카레,2015-04-09,11439
카레,2015-04-10,14034
카레,2015-04-11,14532
카레,2015-04-12,15878
카레,2015-04-13,11410
카레,2015-04-14,12015
카레,2015-04-15,11692
카레,2015-04-16,12420
카레,2015-04-17,15460
카레,2015-04-18,14212
카레,2015-04-19,16540
카레,2015-04-20,10656
카레,2015-04-21,10734
카레,2015-04-22,12499
카레,2015-04-23,11515
카레,2015-04-24,15872
카레,2015-04-25,15928
카레,2015-04-26,16693
카레,2015-04-27,12779
카레,2015-04-28,10862
카레,2015-04-29,12086
카레,2015-04-30,10608
카레,2015-05-01,15193
카레,2015-05-02,16096
카레,2015-05-03,14843
카레,2015-05-04,12749
카레,2015-05-05,12076
카레,2015-05-06,11543
카레,2015-05-07,12493
카레,2015-05-08,16137
카레,2015-05-09,14988
카레,2015-05-10,14691
카레,2015-05-11,11852
카레,2015-05-12,12545
카레,2015-05-13,11901
카레,2015-05-14,12040
카레,2015-05-15,16022
카레,2015-05-16,15797
카레,2015-05-17,16326
카레,2015-05-18,10752
카레,2015-05-19,11957
카레,2015-05-20,11094
카레,2015-05-21,11629
카레,2015-05-22,14553
카레,2015-05-23,16483
카레,2015-05-24,14905
카레,2015-05-25,11853
카레,2015-05-26,10719
카레,2015-05-27,12736
카레,2015-05-28,12252
카레,2015-05-29,15135
카레,2015-05-30,14242
백반,2015-03-01,7479
백반,2015-03-02,5626
백반,2015-03-03,5017
백반,2015-03-04,5009
백반,2015-03-05,5451
백반,2015-03-06,6694
백반,2015-03-07,7138
백반,2015-03-08,7839
백반,2015-03-09,5197
백반,2015-03-10,5734
백반,2015-03-11,5115
백반,2015-03-12,5528
백반,2015-03-13,7620
백반,2015-03-14,6616
백반,2015-03-15,7607
백반,2015-03-16,5221
백반,2015-03-17,5057
백반,2015-03-18,5130
백반,2015-03-19,5681
백반,2015-03-20,7404
백반,2015-03-21,6625
백반,2015-03-22,7836
백반,2015-03-23,5111
백반,2015-03-24,5986
백반,2015-03-25,5720
백반,2015-03-26,5575
백반,2015-03-27,6787
백반,2015-03-28,6922
백반,2015-03-29,7636
백반,2015-03-30,5964
백반,2015-03-31,5517
백반,2015-04-01,5927
백반,2015-04-02,5724
백반,2015-04-03,7041
백반,2015-04-04,6864
백반,2015-04-05,7813
백반,2015-04-06,5087
백반,2015-04-07,5698
백반,2015-04-08,5852
백반,2015-04-09,5188
백반,2015-04-10,7285
백반,2015-04-11,6666
백반,2015-04-12,7015
백반,2015-04-13,5213
백반,2015-04-14,5530
백반,2015-04-15,5688
백반,2015-04-16,5948
백반,2015-04-17,6911
백반,2015-04-18,6782
백반,2015-04-19,6878
백반,2015-04-20,5199
백반,2015-04-21,5085
백반,2015-04-22,5245
백반,2015-04-23,5966
백반,2015-04-24,6516
백반,2015-04-25,7152
백반,2015-04-26,7570
백반,2015-04-27,5872
백반,2015-04-28,5584
백반,2015-04-29,5216
백반,2015-04-30,5590
백반,2015-05-01,6632
백반,2015-05-02,7125
백반,2015-05-03,6569
백반,2015-05-04,5285
백반,2015-05-05,5694
백반,2015-05-06,5176
백반,2015-05-07,5384
백반,2015-05-08,7583
백반,2015-05-09,6761
백반,2015-05-10,6545
백반,2015-05-11,5806
백반,2015-05-12,5687
백반,2015-05-13,5512
백반,2015-05-14,5185
백반,2015-05-15,6703
백반,2015-05-16,7309
백반,2015-05-17,6490
백반,2015-05-18,5202
백반,2015-05-19,5856
백반,2015-05-20,5280
백반,2015-05-21,4968
백반,2015-05-22,7810
백반,2015-05-23,6560
백반,2015-05-24,7505
백반,2015-05-25,5870
백반,2015-05-26,4968
백반,2015-05-27,5888
백반,2015-05-28,5555
백반,2015-05-29,6921
백반,2015-05-30,6901
샌드위치,2015-03-01,6093
샌드위치,2015-03-02,4221
샌드위치,2015-03-03,4388
샌드위치,2015-03-04,4636
샌드위치,2015-03-05,4796
샌드위치,2015-03-06,5989
샌드위치,2015-03-07,6151
샌드위치,2015-03-08,5775
샌드위치,2015-03-09,4931
샌드위치,2015-03-10,4994
샌드위치,2015-03-11,4803
샌드위치,2015-03-12,4115
샌드위치,2015-03-13,5955
샌드위치,2015-03-14,6283
샌드위치,2015-03-15,5581
샌드위치,2015-03-16,4456
샌드위치,2015-03-17,4599
샌드위치,2015-03-18,4783
샌드위치,2015-03-19,4408
샌드위치,2015-03-20,5720
샌드위치,2015-03-21,5838
샌드위치,2015-03-22,5663
샌드위치,2015-03-23,4675
샌드위치,2015-03-24,4144
샌드위치,2015-03-25,4657
샌드위치,2015-03-26,4484
샌드위치,2015-03-27,5387
샌드위치,2015-03-28,6513
샌드위치,2015-03-29,6078
샌드위치,2015-03-30,4869
샌드위치,2015-03-31,4466
샌드위치,2015-04-01,4973
샌드위치,2015-04-02,4449
샌드위치,2015-04-03,6307
샌드위치,2015-04-04,5344
샌드위치,2015-04-05,6371
샌드위치,2015-04-06,4171
샌드위치,2015-04-07,4849
샌드위치,2015-04-08,4638
샌드위치,2015-04-09,4727
샌드위치,2015-04-10,6182
샌드위치,2015-04-11,5667
샌드위치,2015-04-12,6134
샌드위치,2015-04-13,4375
샌드위치,2015-04-14,4625
샌드위치,2015-04-15,4154
샌드위치,2015-04-16,4421
샌드위치,2015-04-17,5925
샌드위치,2015-04-18,5966
샌드위치,2015-04-19,6302
샌드위치,2015-04-20,4569
샌드위치,2015-04-21,4878
샌드위치,2015-04-22,4646
샌드위치,2015-04-23,4595
샌드위치,2015-04-24,6079
샌드위치,2015-04-25,5681
샌드위치,2015-04-26,6008
샌드위치,2015-04-27,5016
샌드위치,2015-04-28,4943
샌드위치,2015-04-29,4806
샌드위치,2015-04-30,4873
샌드위치,2015-05-01,6429
샌드위치,2015-05-02,6047
샌드위치,2015-05-03,5771
샌드위치,2015-05-04,4785
샌드위치,2015-05-05,4546
샌드위치,2015-05-06,4108
샌드위치,2015-05-07,4718
샌드위치,2015-05-08,5814
샌드위치,2015-05-09,6465
샌드위치,2015-05-10,5495
샌드위치,2015-05-11,4448
샌드위치,2015-05-12,4925
샌드위치,2015-05-13,4837
샌드위치,2015-05-14,4566
샌드위치,2015-05-15,5357
샌드위치,2015-05-16,5632
샌드위치,2015-05-17,5698
샌드위치,2015-05-18,4707
샌드위치,2015-05-19,4194
샌드위치,2015-05-20,4984
샌드위치,2015-05-21,4895
샌드위치,2015-05-22,5673
샌드위치,2015-05-23,5851
샌드위치,2015-05-24,5739
샌드위치,2015-05-25,4421
샌드위치,2015-05-26,4381
샌드위치,2015-05-27,4938
샌드위치,2015-05-28,4363
샌드위치,2015-05-29,6364
샌드위치,2015-05-30,6303
볶음밥,2015-03-01,10231
볶음밥,2015-03-02,7942
볶음밥,2015-03-03,8678
볶음밥,2015-03-04,8346
볶음밥,2015-03-05,7744
볶음밥,2015-03-06,10146
볶음밥,2015-03-07,10521
볶음밥,2015-03-08,11154
볶음밥,2015-03-09,9151
볶음밥,2015-03-10,8270
볶음밥,2015-03-11,9117
볶음밥,2015-03-12,7727
볶음밥,2015-03-13,11720
볶음밥,2015-03-14,10397
볶음밥,2015-03-15,10448
볶음밥,2015-03-16,7839
볶음밥,2015-03-17,7610
볶음밥,2015-03-18,7725
볶음밥,2015-03-19,7761
볶음밥,2015-03-20,10252
볶음밥,2015-03-21,11640
볶음밥,2015-03-22,9861
볶음밥,2015-03-23,8208
볶음밥,2015-03-24,9096
볶음밥,2015-03-25,7586
볶음밥,2015-03-26,8080
볶음밥,2015-03-27,10764
볶음밥,2015-03-28,11056
볶음밥,2015-03-29,11839
볶음밥,2015-03-30,8428
볶음밥,2015-03-31,8803
볶음밥,2015-04-01,8598
볶음밥,2015-04-02,7906
볶음밥,2015-04-03,10939
볶음밥,2015-04-04,9961
볶음밥,2015-04-05,11520
볶음밥,2015-04-06,7903
볶음밥,2015-04-07,9000
볶음밥,2015-04-08,8423
볶음밥,2015-04-09,7983
볶음밥,2015-04-10,11603
볶음밥,2015-04-11,9974
볶음밥,2015-04-12,9885
볶음밥,2015-04-13,8562
볶음밥,2015-04-14,8983
볶음밥,2015-04-15,8320
볶음밥,2015-04-16,8404
볶음밥,2015-04-17,10286
볶음밥,2015-04-18,11391
볶음밥,2015-04-19,10999
볶음밥,2015-04-20,7643
볶음밥,2015-04-21,8942
볶음밥,2015-04-22,7984
볶음밥,2015-04-23,8436
볶음밥,2015-04-24,10542
볶음밥,2015-04-25,10069
볶음밥,2015-04-26,11688
볶음밥,2015-04-27,8609
볶음밥,2015-04-28,8985
볶음밥,2015-04-29,7772
볶음밥,2015-04-30,8683
볶음밥,2015-05-01,11156
볶음밥,2015-05-02,11893
볶음밥,2015-05-03,11096
볶음밥,2015-05-04,8069
볶음밥,2015-05-05,9130
볶음밥,2015-05-06,8979
볶음밥,2015-05-07,8273
볶음밥,2015-05-08,10889
볶음밥,2015-05-09,11506
볶음밥,2015-05-10,10379
볶음밥,2015-05-11,8924
볶음밥,2015-05-12,8941
볶음밥,2015-05-13,8261
볶음밥,2015-05-14,9100
볶음밥,2015-05-15,9983
볶음밥,2015-05-16,11597
볶음밥,2015-05-17,10889
볶음밥,2015-05-18,8073
볶음밥,2015-05-19,8598
볶음밥,2015-05-20,8096
볶음밥,2015-05-21,8656
볶음밥,2015-05-22,11828
볶음밥,2015-05-23,11071
볶음밥,2015-05-24,11221
볶음밥,2015-05-25,8259
볶음밥,2015-05-26,8898
볶음밥,2015-05-27,9009
볶음밥,2015-05-28,8177
볶음밥,2015-05-29,10894
볶음밥,2015-05-30,11786
된장국,2015-03-01,24702
된장국,2015-03-02,18027
된장국,2015-03-03,19815
된장국,2015-03-04,20036
된장국,2015-03-05,19725
된장국,2015-03-06,23423
된장국,2015-03-07,27175
된장국,2015-03-08,22428
된장국,2015-03-09,20679
된장국,2015-03-10,17569
된장국,2015-03-11,20430
된장국,2015-03-12,19348
된장국,2015-03-13,25397
된장국,2015-03-14,26431
된장국,2015-03-15,23702
된장국,2015-03-16,17379
된장국,2015-03-17,17755
된장국,2015-03-18,17629
된장국,2015-03-19,17897
된장국,2015-03-20,27177
된장국,2015-03-21,23359
된장국,2015-03-22,24047
된장국,2015-03-23,19876
된장국,2015-03-24,19881
된장국,2015-03-25,18321
된장국,2015-03-26,18371
된장국,2015-03-27,24533
된장국,2015-03-28,24298
된장국,2015-03-29,26906
된장국,2015-03-30,19273
된장국,2015-03-31,19551
된장국,2015-04-01,19157
된장국,2015-04-02,19157
된장국,2015-04-03,24502
된장국,2015-04-04,23476
된장국,2015-04-05,23983
된장국,2015-04-06,18151
된장국,2015-04-07,17230
된장국,2015-04-08,18083
된장국,2015-04-09,20936
된장국,2015-04-10,24546
된장국,2015-04-11,27188
된장국,2015-04-12,23667
된장국,2015-04-13,17744
된장국,2015-04-14,19380
된장국,2015-04-15,18884
된장국,2015-04-16,20529
된장국,2015-04-17,26950
된장국,2015-04-18,25471
된장국,2015-04-19,26579
된장국,2015-04-20,18329
된장국,2015-04-21,20668
된장국,2015-04-22,17766
된장국,2015-04-23,17769
된장국,2015-04-24,25278
된장국,2015-04-25,27345
된장국,2015-04-26,25049
된장국,2015-04-27,17718
된장국,2015-04-28,17904
된장국,2015-04-29,20191
된장국,2015-04-30,19716
된장국,2015-05-01,25162
된장국,2015-05-02,26104
된장국,2015-05-03,24102
된장국,2015-05-04,18724
된장국,2015-05-05,18574
된장국,2015-05-06,19610
된장국,2015-05-07,17841
된장국,2015-05-08,23620
된장국,2015-05-09,27110
된장국,2015-05-10,27312
된장국,2015-05-11,19277
된장국,2015-05-12,17399
된장국,2015-05-13,19531
된장국,2015-05-14,19989
된장국,2015-05-15,25295
된장국,2015-05-16,25014
된장국,2015-05-17,24154
된장국,2015-05-18,17532
된장국,2015-05-19,17717
된장국,2015-05-20,18627
된장국,2015-05-21,19523
된장국,2015-05-22,23577
된장국,2015-05-23,22484
된장국,2015-05-24,23936
된장국,2015-05-25,17525
된장국,2015-05-26,18186
된장국,2015-05-27,17765
된장국,2015-05-28,18643
된장국,2015-05-29,23092
된장국,2015-05-30,25220
죽,2015-03-01,13426
죽,2015-03-02,9551
죽,2015-03-03,11151
죽,2015-03-04,10498
죽,2015-03-05,9349
죽,2015-03-06,12462
죽,2015-03-07,13759
죽,2015-03-08,14395
죽,2015-03-09,10887
죽,2015-03-10,10122
죽,2015-03-11,9546
죽,2015-03-12,9556
죽,2015-03-13,13256
죽,2015-03-14,13035
죽,2015-03-15,14097
죽,2015-03-16,10793
죽,2015-03-17,10033
죽,2015-03-18,10507
죽,2015-03-19,10061
죽,2015-03-20,12954
죽,2015-03-21,13634
죽,2015-03-22,14526
죽,2015-03-23,10191
죽,2015-03-24,10487
죽,2015-03-25,9808
죽,2015-03-26,10051
죽,2015-03-27,13165
죽,2015-03-28,12736
죽,2015-03-29,14564
죽,2015-03-30,11024
죽,2015-03-31,10873
죽,2015-04-01,10666
죽,2015-04-02,9585
죽,2015-04-03,12151
죽,2015-04-04,12265
죽,2015-04-05,14239
죽,2015-04-06,9952
죽,2015-04-07,10824
죽,2015-04-08,11076
죽,2015-04-09,10513
죽,2015-04-10,13618
죽,2015-04-11,12161
죽,2015-04-12,12624
죽,2015-04-13,10057
죽,2015-04-14,10877
죽,2015-04-15,9992
죽,2015-04-16,10131
죽,2015-04-17,13500
죽,2015-04-18,12330
죽,2015-04-19,12015
죽,2015-04-20,10604
죽,2015-04-21,10926
죽,2015-04-22,11133
죽,2015-04-23,9336
죽,2015-04-24,13759
죽,2015-04-25,13008
죽,2015-04-26,13515
죽,2015-04-27,9500
죽,2015-04-28,9740
죽,2015-04-29,9857
죽,2015-04-30,10681
죽,2015-05-01,12483
죽,2015-05-02,12359
죽,2015-05-03,13509
죽,2015-05-04,9317
죽,2015-05-05,10107
죽,2015-05-06,10205
죽,2015-05-07,10168
죽,2015-05-08,13275
죽,2015-05-09,13945
죽,2015-05-10,14619
죽,2015-05-11,10937
죽,2015-05-12,9445
죽,2015-05-13,10980
죽,2015-05-14,10379
죽,2015-05-15,13800
죽,2015-05-16,14083
죽,2015-05-17,13052
죽,2015-05-18,10964
죽,2015-05-19,9604
죽,2015-05-20,10231
죽,2015-05-21,9462
죽,2015-05-22,12590
죽,2015-05-23,14392
죽,2015-05-24,13242
죽,2015-05-25,10323
죽,2015-05-26,11210
죽,2015-05-27,11208
죽,2015-05-28,10620
죽,2015-05-29,14057
죽,2015-05-30,12035
초밥,2015-03-01,11093
초밥,2015-03-02,8850
초밥,2015-03-03,8063
초밥,2015-03-04,8495
초밥,2015-03-05,8677
초밥,2015-03-06,10580
초밥,2015-03-07,11336
초밥,2015-03-08,10593
초밥,2015-03-09,7373
초밥,2015-03-10,8063
초밥,2015-03-11,8124
초밥,2015-03-12,8325
초밥,2015-03-13,10488
초밥,2015-03-14,10199
초밥,2015-03-15,10975
초밥,2015-03-16,8338
초밥,2015-03-17,8933
초밥,2015-03-18,7631
초밥,2015-03-19,8932
초밥,2015-03-20,10776
초밥,2015-03-21,11113
초밥,2015-03-22,11384
초밥,2015-03-23,8401
초밥,2015-03-24,8478
초밥,2015-03-25,8969
초밥,2015-03-26,8730
초밥,2015-03-27,11172
초밥,2015-03-28,9839
초밥,2015-03-29,9749
초밥,2015-03-30,8196
초밥,2015-03-31,7658
초밥,2015-04-01,8538
초밥,2015-04-02,8151
초밥,2015-04-03,9850
초밥,2015-04-04,11332
초밥,2015-04-05,11544
초밥,2015-04-06,7798
초밥,2015-04-07,7589
초밥,2015-04-08,8497
초밥,2015-04-09,8267
초밥,2015-04-10,9739
초밥,2015-04-11,10736
초밥,2015-04-12,10853
초밥,2015-04-13,8239
초밥,2015-04-14,7986
초밥,2015-04-15,8024
초밥,2015-04-16,8821
초밥,2015-04-17,10976
초밥,2015-04-18,11573
초밥,2015-04-19,9868
초밥,2015-04-20,8257
초밥,2015-04-21,7505
초밥,2015-04-22,8361
초밥,2015-04-23,7762
초밥,2015-04-24,10564
초밥,2015-04-25,10560
초밥,2015-04-26,11309
초밥,2015-04-27,8806
초밥,2015-04-28,8285
초밥,2015-04-29,8884
초밥,2015-04-30,7820
초밥,2015-05-01,10874
초밥,2015-05-02,10863
초밥,2015-05-03,10923
초밥,2015-05-04,7727
초밥,2015-05-05,8003
초밥,2015-05-06,7623
초밥,2015-05-07,8191
초밥,2015-05-08,10787
초밥,2015-05-09,9717
초밥,2015-05-10,11094
초밥,2015-05-11,8346
초밥,2015-05-12,8439
초밥,2015-05-13,7827
초밥,2015-05-14,7932
초밥,2015-05-15,10886
초밥,2015-05-16,11584
초밥,2015-05-17,10321
초밥,2015-05-18,7667
초밥,2015-05-19,7759
초밥,2015-05-20,8136
초밥,2015-05-21,8018
초밥,2015-05-22,10244
초밥,2015-05-23,10304
초밥,2015-05-24,10998
초밥,2015-05-25,8753
초밥,2015-05-26,8109
초밥,2015-05-27,8295
초밥,2015-05-28,8158
초밥,2015-05-29,10963
초밥,2015-05-30,11007
덮밥,2015-03-01,13081
덮밥,2015-03-02,10073
덮밥,2015-03-03,11865
덮밥,2015-03-04,10749
덮밥,2015-03-05,11058
덮밥,2015-03-06,15491
덮밥,2015-03-07,13333
덮밥,2015-03-08,13412
덮밥,2015-03-09,11185
덮밥,2015-03-10,11651
덮밥,2015-03-11,11593
덮밥,2015-03-12,10158
덮밥,2015-03-13,13013
덮밥,2015-03-14,14988
덮밥,2015-03-15,15486
덮밥,2015-03-16,11179
덮밥,2015-03-17,10783
덮밥,2015-03-18,11279
덮밥,2015-03-19,11726
덮밥,2015-03-20,14203
덮밥,2015-03-21,14278
덮밥,2015-03-22,14965
덮밥,2015-03-23,10636
덮밥,2015-03-24,11882
덮밥,2015-03-25,9901
덮밥,2015-03-26,10567
덮밥,2015-03-27,13161
덮밥,2015-03-28,13734
덮밥,2015-03-29,14149
덮밥,2015-03-30,11482
덮밥,2015-03-31,11567
덮밥,2015-04-01,10738
덮밥,2015-04-02,9893
덮밥,2015-04-03,15441
덮밥,2015-04-04,15376
덮밥,2015-04-05,14514
덮밥,2015-04-06,11835
덮밥,2015-04-07,11196
덮밥,2015-04-08,10104
덮밥,2015-04-09,10140
덮밥,2015-04-10,14712
덮밥,2015-04-11,15397
덮밥,2015-04-12,13204
덮밥,2015-04-13,11761
덮밥,2015-04-14,10811
덮밥,2015-04-15,9930
덮밥,2015-04-16,11626
덮밥,2015-04-17,15520
덮밥,2015-04-18,15069
덮밥,2015-04-19,13618
덮밥,2015-04-20,10260
덮밥,2015-04-21,10268
덮밥,2015-04-22,10591
덮밥,2015-04-23,10317
덮밥,2015-04-24,13243
덮밥,2015-04-25,13040
덮밥,2015-04-26,14573
덮밥,2015-04-27,11542
덮밥,2015-04-28,9958
덮밥,2015-04-29,10012
덮밥,2015-04-30,9837
덮밥,2015-05-01,13180
덮밥,2015-05-02,15415
덮밥,2015-05-03,13236
덮밥,2015-05-04,11987
덮밥,2015-05-05,11366
덮밥,2015-05-06,10537
덮밥,2015-05-07,10545
덮밥,2015-05-08,14982
덮밥,2015-05-09,14192
덮밥,2015-05-10,14188
덮밥,2015-05-11,10410
덮밥,2015-05-12,11859
덮밥,2015-05-13,11308
덮밥,2015-05-14,11379
덮밥,2015-05-15,13576
덮밥,2015-05-16,14425
덮밥,2015-05-17,15486
덮밥,2015-05-18,9907
덮밥,2015-05-19,10942
덮밥,2015-05-20,11708
덮밥,2015-05-21,10434
덮밥,2015-05-22,13807
덮밥,2015-05-23,15379
덮밥,2015-05-24,13004
덮밥,2015-05-25,10948
덮밥,2015-05-26,10745
덮밥,2015-05-27,10173
덮밥,2015-05-28,10810
덮밥,2015-05-29,13258
덮밥,2015-05-30,15205
우동,2015-03-01,8849
우동,2015-03-02,6063
우동,2015-03-03,6060
우동,2015-03-04,6283
우동,2015-03-05,7138
우동,2015-03-06,9264
우동,2015-03-07,7987
우동,2015-03-08,9232
우동,2015-03-09,5991
우동,2015-03-10,7055
우동,2015-03-11,5981
우동,2015-03-12,7153
우동,2015-03-13,7948
우동,2015-03-14,8666
우동,2015-03-15,8889
우동,2015-03-16,6272
우동,2015-03-17,5939
우동,2015-03-18,6836
우동,2015-03-19,6314
우동,2015-03-20,9134
우동,2015-03-21,8480
우동,2015-03-22,9367
우동,2015-03-23,6006
우동,2015-03-24,5936
우동,2015-03-25,6659
우동,2015-03-26,6701
우동,2015-03-27,7683
우동,2015-03-28,8944
우동,2015-03-29,7755
우동,2015-03-30,6531
우동,2015-03-31,7135
우동,2015-04-01,5982
우동,2015-04-02,9302
우동,2015-04-03,11687
우동,2015-04-04,11866
우동,2015-04-05,10461
우동,2015-04-06,9371
우동,2015-04-07,8858
우동,2015-04-08,8165
우동,2015-04-09,9070
우동,2015-04-10,12105
우동,2015-04-11,11974
우동,2015-04-12,10259
우동,2015-04-13,7777
우동,2015-04-14,9071
우동,2015-04-15,9143
우동,2015-04-16,7752
우동,2015-04-17,10476
우동,2015-04-18,11541
우동,2015-04-19,10197
우동,2015-04-20,7702
우동,2015-04-21,9220
우동,2015-04-22,7759
우동,2015-04-23,9166
우동,2015-04-24,10245
우동,2015-04-25,10874
우동,2015-04-26,10488
우동,2015-04-27,8999
우동,2015-04-28,8658
우동,2015-04-29,8007
우동,2015-04-30,8400
우동,2015-05-01,10953
우동,2015-05-02,11993
우동,2015-05-03,11004
우동,2015-05-04,9264
우동,2015-05-05,8339
우동,2015-05-06,9049
우동,2015-05-07,8986
우동,2015-05-08,10734
우동,2015-05-09,12057
우동,2015-05-10,11095
우동,2015-05-11,8228
우동,2015-05-12,8430
우동,2015-05-13,8506
우동,2015-05-14,9111
우동,2015-05-15,12082
우동,2015-05-16,11021
우동,2015-05-17,10801
우동,2015-05-18,8061
우동,2015-05-19,7683
우동,2015-05-20,8885
우동,2015-05-21,8863
우동,2015-05-22,10010
우동,2015-05-23,10394
우동,2015-05-24,11168
우동,2015-05-25,7946
우동,2015-05-26,8095
우동,2015-05-27,9248
우동,2015-05-28,8295
우동,2015-05-29,12179
우동,2015-05-30,11587
스파게티,2015-03-01,5947
스파게티,2015-03-02,5010
스파게티,2015-03-03,5263
스파게티,2015-03-04,5150
스파게티,2015-03-05,4883
스파게티,2015-03-06,6410
스파게티,2015-03-07,6468
스파게티,2015-03-08,6013
스파게티,2015-03-09,5303
스파게티,2015-03-10,4580
스파게티,2015-03-11,5003
스파게티,2015-03-12,4901
스파게티,2015-03-13,6009
스파게티,2015-03-14,7008
스파게티,2015-03-15,6165
스파게티,2015-03-16,4472
스파게티,2015-03-17,5170
스파게티,2015-03-18,4986
스파게티,2015-03-19,4438
스파게티,2015-03-20,6141
스파게티,2015-03-21,6861
스파게티,2015-03-22,6053
스파게티,2015-03-23,4486
스파게티,2015-03-24,5128
스파게티,2015-03-25,4929
스파게티,2015-03-26,4826
스파게티,2015-03-27,6299
스파게티,2015-03-28,6926
스파게티,2015-03-29,6910
스파게티,2015-03-30,4643
스파게티,2015-03-31,4994
스파게티,2015-04-01,4468
스파게티,2015-04-02,6448
스파게티,2015-04-03,7671
스파게티,2015-04-04,8743
스파게티,2015-04-05,7668
스파게티,2015-04-06,6018
스파게티,2015-04-07,6738
스파게티,2015-04-08,6297
스파게티,2015-04-09,6456
스파게티,2015-04-10,8948
스파게티,2015-04-11,8693
스파게티,2015-04-12,8735
스파게티,2015-04-13,6525
스파게티,2015-04-14,5886
스파게티,2015-04-15,6813
스파게티,2015-04-16,6701
스파게티,2015-04-17,8952
스파게티,2015-04-18,7623
스파게티,2015-04-19,8863
스파게티,2015-04-20,6108
스파게티,2015-04-21,6184
스파게티,2015-04-22,6891
스파게티,2015-04-23,6001
스파게티,2015-04-24,7504
스파게티,2015-04-25,8656
스파게티,2015-04-26,7546
스파게티,2015-04-27,6809
스파게티,2015-04-28,6912
스파게티,2015-04-29,5969
스파게티,2015-04-30,6022
스파게티,2015-05-01,8807
스파게티,2015-05-02,8969
스파게티,2015-05-03,7889
스파게티,2015-05-04,6311
스파게티,2015-05-05,6266
스파게티,2015-05-06,6608
스파게티,2015-05-07,6147
스파게티,2015-05-08,8800
스파게티,2015-05-09,8051
스파게티,2015-05-10,7911
스파게티,2015-05-11,5761
스파게티,2015-05-12,6243
스파게티,2015-05-13,6523
스파게티,2015-05-14,6190
스파게티,2015-05-15,7776
스파게티,2015-05-16,9142
스파게티,2015-05-17,7925
스파게티,2015-05-18,6460
스파게티,2015-05-19,5929
스파게티,2015-05-20,6629
스파게티,2015-05-21,6332
스파게티,2015-05-22,8093
스파게티,2015-05-23,8125
스파게티,2015-05-24,8156
스파게티,2015-05-25,6815
스파게티,2015-05-26,6928
스파게티,2015-05-27,6730
스파게티,2015-05-28,6226
스파게티,2015-05-29,8633
스파게티,2015-05-30,8328
비빔국수,2015-03-01,8460
비빔국수,2015-03-02,7412
비빔국수,2015-03-03,7377
비빔국수,2015-03-04,6959
비빔국수,2015-03-05,6518
비빔국수,2015-03-06,10249
비빔국수,2015-03-07,10280
비빔국수,2015-03-08,8567
비빔국수,2015-03-09,7255
비빔국수,2015-03-10,7888
비빔국수,2015-03-11,6638
비빔국수,2015-03-12,7002
비빔국수,2015-03-13,9360
비빔국수,2015-03-14,10132
비빔국수,2015-03-15,9495
비빔국수,2015-03-16,6513
비빔국수,2015-03-17,7712
비빔국수,2015-03-18,7676
비빔국수,2015-03-19,7745
비빔국수,2015-03-20,9940
비빔국수,2015-03-21,8424
비빔국수,2015-03-22,8615
비빔국수,2015-03-23,7682
비빔국수,2015-03-24,6798
비빔국수,2015-03-25,6524
비빔국수,2015-03-26,7310
비빔국수,2015-03-27,9841
비빔국수,2015-03-28,10059
비빔국수,2015-03-29,8537
비빔국수,2015-03-30,6799
비빔국수,2015-03-31,7076
비빔국수,2015-04-01,7072
비빔국수,2015-04-02,9509
비빔국수,2015-04-03,13244
비빔국수,2015-04-04,13355
비빔국수,2015-04-05,11267
비빔국수,2015-04-06,8939
비빔국수,2015-04-07,9975
비빔국수,2015-04-08,10280
비빔국수,2015-04-09,9684
비빔국수,2015-04-10,11140
비빔국수,2015-04-11,11278
비빔국수,2015-04-12,11774
비빔국수,2015-04-13,8896
비빔국수,2015-04-14,8894
비빔국수,2015-04-15,9890
비빔국수,2015-04-16,8749
비빔국수,2015-04-17,12407
비빔국수,2015-04-18,12634
비빔국수,2015-04-19,13197
비빔국수,2015-04-20,9716
비빔국수,2015-04-21,8936
비빔국수,2015-04-22,8444
비빔국수,2015-04-23,8505
비빔국수,2015-04-24,11360
비빔국수,2015-04-25,13026
비빔국수,2015-04-26,11063
비빔국수,2015-04-27,8932
비빔국수,2015-04-28,10088
비빔국수,2015-04-29,9450
비빔국수,2015-04-30,9931
비빔국수,2015-05-01,13281
비빔국수,2015-05-02,12630
비빔국수,2015-05-03,11927
비빔국수,2015-05-04,10242
비빔국수,2015-05-05,10183
비빔국수,2015-05-06,9394
비빔국수,2015-05-07,8679
비빔국수,2015-05-08,12476
비빔국수,2015-05-09,12953
비빔국수,2015-05-10,11283
비빔국수,2015-05-11,9542
비빔국수,2015-05-12,10264
비빔국수,2015-05-13,8856
비빔국수,2015-05-14,9205
비빔국수,2015-05-15,11195
비빔국수,2015-05-16,11629
비빔국수,2015-05-17,12242
비빔국수,2015-05-18,9012
비빔국수,2015-05-19,9549
비빔국수,2015-05-20,10272
비빔국수,2015-05-21,9565
비빔국수,2015-05-22,11306
비빔국수,2015-05-23,12665
비빔국수,2015-05-24,12604
비빔국수,2015-05-25,9028
비빔국수,2015-05-26,9216
비빔국수,2015-05-27,8994
비빔국수,2015-05-28,9983
비빔국수,2015-05-29,12396
비빔국수,2015-05-30,12916
국수,2015-03-01,9947
국수,2015-03-02,7407
국수,2015-03-03,8600
국수,2015-03-04,7195
국수,2015-03-05,8090
국수,2015-03-06,11344
국수,2015-03-07,9895
국수,2015-03-08,11378
국수,2015-03-09,7238
국수,2015-03-10,7594
국수,2015-03-11,7597
국수,2015-03-12,8695
국수,2015-03-13,11369
국수,2015-03-14,10860
국수,2015-03-15,9933
국수,2015-03-16,7835
국수,2015-03-17,7504
국수,2015-03-18,8405
국수,2015-03-19,8368
국수,2015-03-20,10371
국수,2015-03-21,10728
국수,2015-03-22,10898
국수,2015-03-23,8417
국수,2015-03-24,8148
국수,2015-03-25,7805
국수,2015-03-26,8253
국수,2015-03-27,11140
국수,2015-03-28,10242
국수,2015-03-29,9587
국수,2015-03-30,8170
국수,2015-03-31,7949
국수,2015-04-01,8657
국수,2015-04-02,7566
국수,2015-04-03,10948
국수,2015-04-04,10897
국수,2015-04-05,10740
국수,2015-04-06,8063
국수,2015-04-07,8136
국수,2015-04-08,8565
국수,2015-04-09,7973
국수,2015-04-10,11370
국수,2015-04-11,9481
국수,2015-04-12,10490
국수,2015-04-13,7484
국수,2015-04-14,7655
국수,2015-04-15,8524
국수,2015-04-16,7509
국수,2015-04-17,10546
국수,2015-04-18,10159
국수,2015-04-19,9971
국수,2015-04-20,7936
국수,2015-04-21,8368
국수,2015-04-22,8741
국수,2015-04-23,7431
국수,2015-04-24,9605
국수,2015-04-25,10541
국수,2015-04-26,9621
국수,2015-04-27,7504
국수,2015-04-28,7727
국수,2015-04-29,7606
국수,2015-04-30,8334
국수,2015-05-01,10780
국수,2015-05-02,10984
국수,2015-05-03,9906
국수,2015-05-04,7472
국수,2015-05-05,7920
국수,2015-05-06,8061
국수,2015-05-07,8176
국수,2015-05-08,10339
국수,2015-05-09,9606
국수,2015-05-10,11171
국수,2015-05-11,8764
국수,2015-05-12,8558
국수,2015-05-13,8542
국수,2015-05-14,7784
국수,2015-05-15,10617
국수,2015-05-16,10412
국수,2015-05-17,9413
국수,2015-05-18,8368
국수,2015-05-19,8527
국수,2015-05-20,7260
국수,2015-05-21,8608
국수,2015-05-22,10121
국수,2015-05-23,10780
국수,2015-05-24,10825
국수,2015-05-25,8271
국수,2015-05-26,7661
국수,2015-05-27,7665
국수,2015-05-28,7942
국수,2015-05-29,9437
국수,2015-05-30,10357
짬뽕,2015-03-01,6245
짬뽕,2015-03-02,4469
짬뽕,2015-03-03,5159
짬뽕,2015-03-04,4399
짬뽕,2015-03-05,4791
짬뽕,2015-03-06,6039
짬뽕,2015-03-07,5673
짬뽕,2015-03-08,5969
짬뽕,2015-03-09,5191
짬뽕,2015-03-10,5001
짬뽕,2015-03-11,4578
짬뽕,2015-03-12,5133
짬뽕,2015-03-13,6398
짬뽕,2015-03-14,6130
짬뽕,2015-03-15,6519
짬뽕,2015-03-16,4866
짬뽕,2015-03-17,4589
짬뽕,2015-03-18,4694
짬뽕,2015-03-19,4813
짬뽕,2015-03-20,6414
짬뽕,2015-03-21,5959
짬뽕,2015-03-22,6242
짬뽕,2015-03-23,4736
짬뽕,2015-03-24,4808
짬뽕,2015-03-25,5087
짬뽕,2015-03-26,5067
짬뽕,2015-03-27,6542
짬뽕,2015-03-28,5721
짬뽕,2015-03-29,5929
짬뽕,2015-03-30,5122
짬뽕,2015-03-31,5121
짬뽕,2015-04-01,4849
짬뽕,2015-04-02,6495
짬뽕,2015-04-03,8091
짬뽕,2015-04-04,7242
짬뽕,2015-04-05,7638
짬뽕,2015-04-06,6112
짬뽕,2015-04-07,6056
짬뽕,2015-04-08,6667
짬뽕,2015-04-09,6315
짬뽕,2015-04-10,7180
짬뽕,2015-04-11,7210
짬뽕,2015-04-12,7653
짬뽕,2015-04-13,5858
짬뽕,2015-04-14,6540
짬뽕,2015-04-15,6407
짬뽕,2015-04-16,6358
짬뽕,2015-04-17,7792
짬뽕,2015-04-18,7475
짬뽕,2015-04-19,7517
짬뽕,2015-04-20,6386
짬뽕,2015-04-21,5845
짬뽕,2015-04-22,5800
짬뽕,2015-04-23,6250
짬뽕,2015-04-24,7414
짬뽕,2015-04-25,7261
짬뽕,2015-04-26,7201
짬뽕,2015-04-27,6514
짬뽕,2015-04-28,6507
짬뽕,2015-04-29,5541
짬뽕,2015-04-30,6253
짬뽕,2015-05-01,7669
짬뽕,2015-05-02,8146
짬뽕,2015-05-03,7523
짬뽕,2015-05-04,6686
짬뽕,2015-05-05,5652
짬뽕,2015-05-06,5669
짬뽕,2015-05-07,5695
짬뽕,2015-05-08,7646
짬뽕,2015-05-09,8134
짬뽕,2015-05-10,7513
짬뽕,2015-05-11,6078
짬뽕,2015-05-12,6078
짬뽕,2015-05-13,5991
짬뽕,2015-05-14,6734
짬뽕,2015-05-15,7195
짬뽕,2015-05-16,8560
짬뽕,2015-05-17,7327
짬뽕,2015-05-18,5746
짬뽕,2015-05-19,6072
짬뽕,2015-05-20,6417
짬뽕,2015-05-21,5756
짬뽕,2015-05-22,7401
짬뽕,2015-05-23,7519
짬뽕,2015-05-24,7448
짬뽕,2015-05-25,6569
짬뽕,2015-05-26,6431
짬뽕,2015-05-27,6222
짬뽕,2015-05-28,6572
짬뽕,2015-05-29,7416
짬뽕,2015-05-30,7781
라면,2015-03-01,17644
라면,2015-03-02,12756
라면,2015-03-03,13764
라면,2015-03-04,14670
라면,2015-03-05,13371
라면,2015-03-06,18845
라면,2015-03-07,17087
라면,2015-03-08,19301
라면,2015-03-09,14022
라면,2015-03-10,12842
라면,2015-03-11,14842
라면,2015-03-12,15142
라면,2015-03-13,18632
라면,2015-03-14,18706
라면,2015-03-15,18014
라면,2015-03-16,12809
라면,2015-03-17,14505
라면,2015-03-18,14085
라면,2015-03-19,14886
라면,2015-03-20,18476
라면,2015-03-21,18099
라면,2015-03-22,19541
라면,2015-03-23,14575
라면,2015-03-24,12817
라면,2015-03-25,13027
라면,2015-03-26,14999
라면,2015-03-27,17943
라면,2015-03-28,18323
라면,2015-03-29,17708
라면,2015-03-30,14429
라면,2015-03-31,14298
라면,2015-04-01,13298
라면,2015-04-02,18815
라면,2015-04-03,23113
라면,2015-04-04,23561
라면,2015-04-05,23323
라면,2015-04-06,17285
라면,2015-04-07,17381
라면,2015-04-08,17119
라면,2015-04-09,18056
라면,2015-04-10,24317
라면,2015-04-11,23362
라면,2015-04-12,25759
라면,2015-04-13,17502
라면,2015-04-14,17263
라면,2015-04-15,18496
라면,2015-04-16,17756
라면,2015-04-17,25880
라면,2015-04-18,24412
라면,2015-04-19,23495
라면,2015-04-20,17534
라면,2015-04-21,16608
라면,2015-04-22,18481
라면,2015-04-23,17646
라면,2015-04-24,23705
라면,2015-04-25,25267
라면,2015-04-26,22457
라면,2015-04-27,16801
라면,2015-04-28,19392
라면,2015-04-29,17112
라면,2015-04-30,19407
라면,2015-05-01,21591
라면,2015-05-02,25447
라면,2015-05-03,25326
라면,2015-05-04,19760
라면,2015-05-05,17844
라면,2015-05-06,17595
라면,2015-05-07,19838
라면,2015-05-08,22944
라면,2015-05-09,25819
라면,2015-05-10,24286
라면,2015-05-11,18601
라면,2015-05-12,19167
라면,2015-05-13,17937
라면,2015-05-14,17817
라면,2015-05-15,23468
라면,2015-05-16,23015
라면,2015-05-17,24738
라면,2015-05-18,17455
라면,2015-05-19,19598
라면,2015-05-20,19881
라면,2015-05-21,18175
라면,2015-05-22,21445
라면,2015-05-23,25893
라면,2015-05-24,23479
라면,2015-05-25,19524
라면,2015-05-26,18360
라면,2015-05-27,18231
라면,2015-05-28,17003
라면,2015-05-29,21691
라면,2015-05-30,24509
